
SELECT * FROM utenti

SELECT * FROM donatore

delete from donatore

delete from utenti

delete from app_user_user_profile

delete from app_user

SELECT * FROM app_user

SELECT * FROM utenti

SELECT * FROM donatore

INSERT INTO utenti (ID,UTENTE,PASSWORD,PERMESSI,NOME,DATAULTACCESSO,DATAULTCAMBIOPWD,DISABILITATO) VALUES (1,'mauro','38251111027FFD65D7','111111111111111111111111111111',null,{ts '2016-04-07 09:12:06'},{ts '2016-02-23 10:42:52'},false);

insert into app_user (sso_id, password, state, utenti_id, attempts)
SELECT 
d.UTENTE sso_id
,d.PASSWORD password
,'ACTIVE' state
,d.id utenti_id
,0 attempts
FROM utenti d

SELECT * FROM app_user


INSERT INTO donatore (CODINTERNODONAT,AB0,AFERESIANNO,AFERESIMULTIPLA,AFERESIPREGRES,ALLERG2AL,ALLERG2DAL,ALLERGAL,ALLERGDAL,ALTRACARICA,BLOCCATODA,CANCELLADEFIN,CAPOFAMIGLIA,CARICASOCIALE,CELLULARE,CELLULESTAMINA,CODCOMUNENASC,CODCONVOCAZION,CODICEDONATORE,CODICEFISCALE,CODICELOGIDO,CODICEREG,COGNOMEDASPOSAT,COGNOMEENOME,COMMISSIONE1,COMMISSIONE2,COMMISSIONE3,COMMISSIONE4,COMMISSIONE5,COMMISSIONE6,COMMISSIONE7,COMMISSIONE8,COMMISSIONE9,CONSIGPLASMAF,CONVOCATO,DATAALTRABEN,DATABENEMERENZ,DATACONVPREN,DATACROCEORO,DATADINASCITA,DATADISTINTIVO,DATAFINESTATO,DATAGOCCIAARG,DATAGOCCIABRO,DATAGOCCIAORO,DATAINIZIOSTATO,DATAMEDARGENT,DATAMEDBRONZO,DATAMEDORO,DATANUOVAANAGRAFICA,DATAPREMAGG,DATAPRIMAISCR,DATARUBINOCOLL,DETTAGLIOSOSP,DOMCAP,DOMCITTA,DOMINDIRIZZO,DOMISTAT,DOMLOCALITA,DOMPROV,DOMRESUGUALI,DOMTEL,DONAZANNO,DONAZIONIPREGR,DONAZIONIPREGRDOPO2004,DOPPIAPLTAF,EMAIL,ERITROPLASMA,ERITROPLT,FERMOPOSTA,FLAGALLERGIA,FLAGALTRABENE,FLAGBENEMERENZ,FLAGCROCEORO,FLAGDISTINTIVO,FLAGGOCCIAARG,FLAGGOCCIABRO,FLAGGOCCIAORO,FLAGMAIL,FLAGMEDARGENT,FLAGMEDBRONZO,FLAGMEDORO,FLAGPREMAGG,FLAGREPERIBILE,FLAGRUBINOCOLL,FLAGSMS,GRUPPOORGANIZZ,IDONEITA,IMPORTATO,INDICPIASTRAFER,INTERVALLOAFEAF,INTERVALLOAFESA,INTERVALLOSALAF,INTERVALLOSALSA,ISCRADMO,ISCRAIDO,KELL,LAVCODICE,LAVTEL,LEGGEPRIVACY,LETTPRIMADONSTAMPATA,LEUCOAFERESI,LIBERO0,LIBERO1,LIBERO10,LIBERO11,LIBERO2,LIBERO3,LIBERO4,LIBERO5,LIBERO6,LIBERO7,LIBERO8,LIBERO9,LUOGONASCITA,MEDICOBASE,MEMOCRYPTO,MEMODON,MESIDISPONIB,MOTIVOCANCELL,NOBENEM,NONPRESENTATO,NOTAIDONEITA,NUCLEOFAM,OCCUPAZIONE,PLASMAFERESI,PLASMAPLTAFERES,PLTAFERESI,PREFDOMENICA,PREFGIOVEDI,PREFLUNEDI,PREFMARTEDI,PREFMERCOLEDI,PREFSABATO,PREFVENERDI,PROFESSIONE,PROSSAFERESI,PROSSDONAZIONE,PROVDINASCITA,RAMOATTIVITA,REPERAL,REPERDAL,RESCAP,RESCITTA,RESINDIRIZZO,RESISTAT,RESLOCALITA,RESPROV,RESTEL,RH,SANGUEINTERO,SEDEPRIMAISCR,SESSO,SEZIONE,SOLOCOGNOME,SOLONOME,STAMPADOMRES,STATOASSOCIAT,STATOCIVILE,TESSERA,TESSERASANITARI,TESSERASTAMPATA,TESSERATO,TESTOLIBERO1,TESTOLIBERO2,TIPODOCCONVOC,TIPODONAZIONE,TITOLO,TITOLOSTUDIO,TOTALEAFERESI,TOTALEDONAZIONI,TOTALESI,TRASFADATA,TRASFDADATA,TRASFERITO,TRASFERITOA,TRASFERITODA,ULTIMAAFERESI,ULTIMDONAZIONE,ULTIMOCHECKU,ULTIMOECG,ULTIMOESACONTR,ULTIMORX,ULTIMOURINE) VALUES ('0005412765',1,0,0,0,null,null,null,null,null,0,null,1,0,'0005412765',0,null,0,null,'CIFSC_0005412765','2765011102',null,null,'ALESSANDRO DON_0005412765',0,0,0,0,0,0,0,0,0,0,0,null,null,null,null,{ts '1970-06-20 00:00:00'},null,null,null,null,null,{ts '2015-12-11 00:00:00'},null,null,null,null,null,null,null,'','60123','ANCONA','VIA BARACCA FRANCESCO','042002','ancona','AN',1,null,0,0,0,0,'ALESSAND@gmail.com',0,0,null,0,0,0,0,0,0,0,0,1,0,0,0,0,0,0,0,0,1,0,0,0,0,0,0,0,0,1,null,null,0,0,0,0,0,0,0,0,0,0,0,0,0,0,0,null,null,null,null,4095,null,0,0,'<Clob>','ac1',8,0,1,0,1,1,1,1,1,1,1,0,{ts '2016-03-15 00:00:00'},{ts '2016-03-15 00:00:00'},null,0,null,null,'60123','ANCONA','VIA BARACCA FRANCESCO','042002','ancona','AN',null,1,1,null,'M',2765,'ALESSANDRO','DON_0005412765',0,4,0,'276509040',null,1,1,null,null,0,0,'Sig.',0,1,3,2,null,null,0,null,null,{ts '2015-12-16 00:00:00'},{ts '2015-10-01 00:00:00'},null,null,{ts '2001-07-23 00:00:00'},null,null);
INSERT INTO donatore (CODINTERNODONAT,AB0,AFERESIANNO,AFERESIMULTIPLA,AFERESIPREGRES,ALLERG2AL,ALLERG2DAL,ALLERGAL,ALLERGDAL,ALTRACARICA,BLOCCATODA,CANCELLADEFIN,CAPOFAMIGLIA,CARICASOCIALE,CELLULARE,CELLULESTAMINA,CODCOMUNENASC,CODCONVOCAZION,CODICEDONATORE,CODICEFISCALE,CODICELOGIDO,CODICEREG,COGNOMEDASPOSAT,COGNOMEENOME,COMMISSIONE1,COMMISSIONE2,COMMISSIONE3,COMMISSIONE4,COMMISSIONE5,COMMISSIONE6,COMMISSIONE7,COMMISSIONE8,COMMISSIONE9,CONSIGPLASMAF,CONVOCATO,DATAALTRABEN,DATABENEMERENZ,DATACONVPREN,DATACROCEORO,DATADINASCITA,DATADISTINTIVO,DATAFINESTATO,DATAGOCCIAARG,DATAGOCCIABRO,DATAGOCCIAORO,DATAINIZIOSTATO,DATAMEDARGENT,DATAMEDBRONZO,DATAMEDORO,DATANUOVAANAGRAFICA,DATAPREMAGG,DATAPRIMAISCR,DATARUBINOCOLL,DETTAGLIOSOSP,DOMCAP,DOMCITTA,DOMINDIRIZZO,DOMISTAT,DOMLOCALITA,DOMPROV,DOMRESUGUALI,DOMTEL,DONAZANNO,DONAZIONIPREGR,DONAZIONIPREGRDOPO2004,DOPPIAPLTAF,EMAIL,ERITROPLASMA,ERITROPLT,FERMOPOSTA,FLAGALLERGIA,FLAGALTRABENE,FLAGBENEMERENZ,FLAGCROCEORO,FLAGDISTINTIVO,FLAGGOCCIAARG,FLAGGOCCIABRO,FLAGGOCCIAORO,FLAGMAIL,FLAGMEDARGENT,FLAGMEDBRONZO,FLAGMEDORO,FLAGPREMAGG,FLAGREPERIBILE,FLAGRUBINOCOLL,FLAGSMS,GRUPPOORGANIZZ,IDONEITA,IMPORTATO,INDICPIASTRAFER,INTERVALLOAFEAF,INTERVALLOAFESA,INTERVALLOSALAF,INTERVALLOSALSA,ISCRADMO,ISCRAIDO,KELL,LAVCODICE,LAVTEL,LEGGEPRIVACY,LETTPRIMADONSTAMPATA,LEUCOAFERESI,LIBERO0,LIBERO1,LIBERO10,LIBERO11,LIBERO2,LIBERO3,LIBERO4,LIBERO5,LIBERO6,LIBERO7,LIBERO8,LIBERO9,LUOGONASCITA,MEDICOBASE,MEMOCRYPTO,MEMODON,MESIDISPONIB,MOTIVOCANCELL,NOBENEM,NONPRESENTATO,NOTAIDONEITA,NUCLEOFAM,OCCUPAZIONE,PLASMAFERESI,PLASMAPLTAFERES,PLTAFERESI,PREFDOMENICA,PREFGIOVEDI,PREFLUNEDI,PREFMARTEDI,PREFMERCOLEDI,PREFSABATO,PREFVENERDI,PROFESSIONE,PROSSAFERESI,PROSSDONAZIONE,PROVDINASCITA,RAMOATTIVITA,REPERAL,REPERDAL,RESCAP,RESCITTA,RESINDIRIZZO,RESISTAT,RESLOCALITA,RESPROV,RESTEL,RH,SANGUEINTERO,SEDEPRIMAISCR,SESSO,SEZIONE,SOLOCOGNOME,SOLONOME,STAMPADOMRES,STATOASSOCIAT,STATOCIVILE,TESSERA,TESSERASANITARI,TESSERASTAMPATA,TESSERATO,TESTOLIBERO1,TESTOLIBERO2,TIPODOCCONVOC,TIPODONAZIONE,TITOLO,TITOLOSTUDIO,TOTALEAFERESI,TOTALEDONAZIONI,TOTALESI,TRASFADATA,TRASFDADATA,TRASFERITO,TRASFERITOA,TRASFERITODA,ULTIMAAFERESI,ULTIMDONAZIONE,ULTIMOCHECKU,ULTIMOECG,ULTIMOESACONTR,ULTIMORX,ULTIMOURINE) VALUES ('0013152765',2,0,0,0,null,null,null,null,null,0,null,1,0,'0013152765',0,'F205',243,null,'CIFSC_0013152765','2765001315',null,null,'SANDRO DON_0013152765',0,0,0,0,0,0,0,0,0,0,1,null,null,{ts '2016-02-28 00:00:00'},null,{ts '1964-09-08 00:00:00'},null,null,null,null,null,{ts '2006-01-13 00:00:00'},null,null,null,null,null,null,null,null,'62100','Macerata','Via Soffredini 74',null,null,'MC',1,null,1,0,0,0,'SANDROD@gmail.com',0,0,null,0,0,0,0,0,0,0,0,1,0,0,0,0,0,0,0,10513,1,0,0,0,0,0,0,0,0,3,null,null,0,0,0,0,0,0,0,0,0,0,0,0,0,0,0,'Milano',null,null,null,4095,null,0,0,'<Clob>',null,0,0,0,0,1,1,1,1,1,1,1,6,{ts '2015-12-27 00:00:00'},{ts '2015-12-27 00:00:00'},'MI',0,null,null,'62100','Macerata','Via Soffredini 74',null,null,'MC',null,21,1,null,'M',2765,'SANDRO','DON_0013152765',0,4,0,'276507428',null,1,1,null,null,0,1,'Sig.',3,0,2,2,null,null,0,null,null,null,{ts '2015-09-28 00:00:00'},null,null,{ts '1999-05-04 00:00:00'},null,null);
INSERT INTO donatore (CODINTERNODONAT,AB0,AFERESIANNO,AFERESIMULTIPLA,AFERESIPREGRES,ALLERG2AL,ALLERG2DAL,ALLERGAL,ALLERGDAL,ALTRACARICA,BLOCCATODA,CANCELLADEFIN,CAPOFAMIGLIA,CARICASOCIALE,CELLULARE,CELLULESTAMINA,CODCOMUNENASC,CODCONVOCAZION,CODICEDONATORE,CODICEFISCALE,CODICELOGIDO,CODICEREG,COGNOMEDASPOSAT,COGNOMEENOME,COMMISSIONE1,COMMISSIONE2,COMMISSIONE3,COMMISSIONE4,COMMISSIONE5,COMMISSIONE6,COMMISSIONE7,COMMISSIONE8,COMMISSIONE9,CONSIGPLASMAF,CONVOCATO,DATAALTRABEN,DATABENEMERENZ,DATACONVPREN,DATACROCEORO,DATADINASCITA,DATADISTINTIVO,DATAFINESTATO,DATAGOCCIAARG,DATAGOCCIABRO,DATAGOCCIAORO,DATAINIZIOSTATO,DATAMEDARGENT,DATAMEDBRONZO,DATAMEDORO,DATANUOVAANAGRAFICA,DATAPREMAGG,DATAPRIMAISCR,DATARUBINOCOLL,DETTAGLIOSOSP,DOMCAP,DOMCITTA,DOMINDIRIZZO,DOMISTAT,DOMLOCALITA,DOMPROV,DOMRESUGUALI,DOMTEL,DONAZANNO,DONAZIONIPREGR,DONAZIONIPREGRDOPO2004,DOPPIAPLTAF,EMAIL,ERITROPLASMA,ERITROPLT,FERMOPOSTA,FLAGALLERGIA,FLAGALTRABENE,FLAGBENEMERENZ,FLAGCROCEORO,FLAGDISTINTIVO,FLAGGOCCIAARG,FLAGGOCCIABRO,FLAGGOCCIAORO,FLAGMAIL,FLAGMEDARGENT,FLAGMEDBRONZO,FLAGMEDORO,FLAGPREMAGG,FLAGREPERIBILE,FLAGRUBINOCOLL,FLAGSMS,GRUPPOORGANIZZ,IDONEITA,IMPORTATO,INDICPIASTRAFER,INTERVALLOAFEAF,INTERVALLOAFESA,INTERVALLOSALAF,INTERVALLOSALSA,ISCRADMO,ISCRAIDO,KELL,LAVCODICE,LAVTEL,LEGGEPRIVACY,LETTPRIMADONSTAMPATA,LEUCOAFERESI,LIBERO0,LIBERO1,LIBERO10,LIBERO11,LIBERO2,LIBERO3,LIBERO4,LIBERO5,LIBERO6,LIBERO7,LIBERO8,LIBERO9,LUOGONASCITA,MEDICOBASE,MEMOCRYPTO,MEMODON,MESIDISPONIB,MOTIVOCANCELL,NOBENEM,NONPRESENTATO,NOTAIDONEITA,NUCLEOFAM,OCCUPAZIONE,PLASMAFERESI,PLASMAPLTAFERES,PLTAFERESI,PREFDOMENICA,PREFGIOVEDI,PREFLUNEDI,PREFMARTEDI,PREFMERCOLEDI,PREFSABATO,PREFVENERDI,PROFESSIONE,PROSSAFERESI,PROSSDONAZIONE,PROVDINASCITA,RAMOATTIVITA,REPERAL,REPERDAL,RESCAP,RESCITTA,RESINDIRIZZO,RESISTAT,RESLOCALITA,RESPROV,RESTEL,RH,SANGUEINTERO,SEDEPRIMAISCR,SESSO,SEZIONE,SOLOCOGNOME,SOLONOME,STAMPADOMRES,STATOASSOCIAT,STATOCIVILE,TESSERA,TESSERASANITARI,TESSERASTAMPATA,TESSERATO,TESTOLIBERO1,TESTOLIBERO2,TIPODOCCONVOC,TIPODONAZIONE,TITOLO,TITOLOSTUDIO,TOTALEAFERESI,TOTALEDONAZIONI,TOTALESI,TRASFADATA,TRASFDADATA,TRASFERITO,TRASFERITOA,TRASFERITODA,ULTIMAAFERESI,ULTIMDONAZIONE,ULTIMOCHECKU,ULTIMOECG,ULTIMOESACONTR,ULTIMORX,ULTIMOURINE) VALUES ('0014292765',4,0,0,0,null,null,null,null,null,0,null,1,0,'0014292765',0,null,0,null,'CIFSC_0014292765','2765001429',null,null,'VERONICA DON_0014292765',0,0,0,0,0,0,0,0,0,0,0,null,{ts '2007-12-12 00:00:00'},null,null,{ts '1970-08-08 00:00:00'},null,null,null,null,null,{ts '2006-01-13 00:00:00'},null,{ts '2006-07-07 00:00:00'},null,null,null,null,null,null,'62100','Macerata','Via Delle Concie 1',null,null,'MC',1,null,1,0,0,0,'VERONICA@gmail.com',0,0,null,0,0,1,0,0,0,0,0,1,0,0,0,0,0,0,0,0,1,0,0,0,0,0,0,0,0,2,null,null,0,0,0,0,0,0,0,0,0,0,0,0,0,0,0,null,null,null,null,4095,null,0,0,'<Clob>',null,0,1,0,0,1,1,1,1,1,1,1,5,{ts '2016-03-14 00:00:00'},{ts '2016-06-12 00:00:00'},null,0,null,null,'62100','Macerata','Via Delle Concie 1',null,null,'MC',null,22,1,null,'F',2765,'VERONICA','DON_0014292765',0,4,0,'276504621',null,1,1,null,null,0,0,'Sig.ra',0,9,10,1,null,null,0,null,null,{ts '2003-03-16 00:00:00'},{ts '2015-12-15 00:00:00'},null,null,{ts '2004-12-14 00:00:00'},null,null);
INSERT INTO donatore (CODINTERNODONAT,AB0,AFERESIANNO,AFERESIMULTIPLA,AFERESIPREGRES,ALLERG2AL,ALLERG2DAL,ALLERGAL,ALLERGDAL,ALTRACARICA,BLOCCATODA,CANCELLADEFIN,CAPOFAMIGLIA,CARICASOCIALE,CELLULARE,CELLULESTAMINA,CODCOMUNENASC,CODCONVOCAZION,CODICEDONATORE,CODICEFISCALE,CODICELOGIDO,CODICEREG,COGNOMEDASPOSAT,COGNOMEENOME,COMMISSIONE1,COMMISSIONE2,COMMISSIONE3,COMMISSIONE4,COMMISSIONE5,COMMISSIONE6,COMMISSIONE7,COMMISSIONE8,COMMISSIONE9,CONSIGPLASMAF,CONVOCATO,DATAALTRABEN,DATABENEMERENZ,DATACONVPREN,DATACROCEORO,DATADINASCITA,DATADISTINTIVO,DATAFINESTATO,DATAGOCCIAARG,DATAGOCCIABRO,DATAGOCCIAORO,DATAINIZIOSTATO,DATAMEDARGENT,DATAMEDBRONZO,DATAMEDORO,DATANUOVAANAGRAFICA,DATAPREMAGG,DATAPRIMAISCR,DATARUBINOCOLL,DETTAGLIOSOSP,DOMCAP,DOMCITTA,DOMINDIRIZZO,DOMISTAT,DOMLOCALITA,DOMPROV,DOMRESUGUALI,DOMTEL,DONAZANNO,DONAZIONIPREGR,DONAZIONIPREGRDOPO2004,DOPPIAPLTAF,EMAIL,ERITROPLASMA,ERITROPLT,FERMOPOSTA,FLAGALLERGIA,FLAGALTRABENE,FLAGBENEMERENZ,FLAGCROCEORO,FLAGDISTINTIVO,FLAGGOCCIAARG,FLAGGOCCIABRO,FLAGGOCCIAORO,FLAGMAIL,FLAGMEDARGENT,FLAGMEDBRONZO,FLAGMEDORO,FLAGPREMAGG,FLAGREPERIBILE,FLAGRUBINOCOLL,FLAGSMS,GRUPPOORGANIZZ,IDONEITA,IMPORTATO,INDICPIASTRAFER,INTERVALLOAFEAF,INTERVALLOAFESA,INTERVALLOSALAF,INTERVALLOSALSA,ISCRADMO,ISCRAIDO,KELL,LAVCODICE,LAVTEL,LEGGEPRIVACY,LETTPRIMADONSTAMPATA,LEUCOAFERESI,LIBERO0,LIBERO1,LIBERO10,LIBERO11,LIBERO2,LIBERO3,LIBERO4,LIBERO5,LIBERO6,LIBERO7,LIBERO8,LIBERO9,LUOGONASCITA,MEDICOBASE,MEMOCRYPTO,MEMODON,MESIDISPONIB,MOTIVOCANCELL,NOBENEM,NONPRESENTATO,NOTAIDONEITA,NUCLEOFAM,OCCUPAZIONE,PLASMAFERESI,PLASMAPLTAFERES,PLTAFERESI,PREFDOMENICA,PREFGIOVEDI,PREFLUNEDI,PREFMARTEDI,PREFMERCOLEDI,PREFSABATO,PREFVENERDI,PROFESSIONE,PROSSAFERESI,PROSSDONAZIONE,PROVDINASCITA,RAMOATTIVITA,REPERAL,REPERDAL,RESCAP,RESCITTA,RESINDIRIZZO,RESISTAT,RESLOCALITA,RESPROV,RESTEL,RH,SANGUEINTERO,SEDEPRIMAISCR,SESSO,SEZIONE,SOLOCOGNOME,SOLONOME,STAMPADOMRES,STATOASSOCIAT,STATOCIVILE,TESSERA,TESSERASANITARI,TESSERASTAMPATA,TESSERATO,TESTOLIBERO1,TESTOLIBERO2,TIPODOCCONVOC,TIPODONAZIONE,TITOLO,TITOLOSTUDIO,TOTALEAFERESI,TOTALEDONAZIONI,TOTALESI,TRASFADATA,TRASFDADATA,TRASFERITO,TRASFERITOA,TRASFERITODA,ULTIMAAFERESI,ULTIMDONAZIONE,ULTIMOCHECKU,ULTIMOECG,ULTIMOESACONTR,ULTIMORX,ULTIMOURINE) VALUES ('0019792765',2,0,0,0,null,null,null,null,null,0,null,1,0,'0019792765',0,null,243,null,'CIFSC_0019792765','2765001977',null,null,'VALERIA DON_0019792765',0,0,0,0,0,0,0,0,0,0,1,null,{ts '2015-12-06 00:00:00'},{ts '2016-02-28 00:00:00'},null,{ts '1980-10-20 00:00:00'},null,null,null,null,null,{ts '2006-01-13 00:00:00'},null,null,null,null,null,null,null,null,'62100','Macerata','Via Poli 8',null,null,'MC',1,null,1,0,0,0,'VALERIA@gmail.com',0,0,null,0,0,1,0,0,0,0,0,1,0,0,0,0,0,0,0,0,1,0,0,0,0,0,0,0,0,2,null,null,0,0,0,0,0,0,0,0,0,0,0,0,0,0,0,null,null,null,null,4095,null,0,0,'<Clob>',null,0,1,0,0,1,1,1,1,1,1,1,0,{ts '2015-09-30 00:00:00'},{ts '2015-12-29 00:00:00'},null,0,null,null,'62100','Macerata','Via Poli 8',null,null,'MC',null,21,1,null,'F',2765,'VALERIA','DON_0019792765',0,4,0,'276510145',null,1,1,null,null,0,1,'Sig.ra',0,1,6,5,null,null,0,null,null,{ts '2006-03-19 00:00:00'},{ts '2015-07-02 00:00:00'},{ts '2015-07-02 00:00:00'},null,{ts '2005-03-19 00:00:00'},null,null);
INSERT INTO donatore (CODINTERNODONAT,AB0,AFERESIANNO,AFERESIMULTIPLA,AFERESIPREGRES,ALLERG2AL,ALLERG2DAL,ALLERGAL,ALLERGDAL,ALTRACARICA,BLOCCATODA,CANCELLADEFIN,CAPOFAMIGLIA,CARICASOCIALE,CELLULARE,CELLULESTAMINA,CODCOMUNENASC,CODCONVOCAZION,CODICEDONATORE,CODICEFISCALE,CODICELOGIDO,CODICEREG,COGNOMEDASPOSAT,COGNOMEENOME,COMMISSIONE1,COMMISSIONE2,COMMISSIONE3,COMMISSIONE4,COMMISSIONE5,COMMISSIONE6,COMMISSIONE7,COMMISSIONE8,COMMISSIONE9,CONSIGPLASMAF,CONVOCATO,DATAALTRABEN,DATABENEMERENZ,DATACONVPREN,DATACROCEORO,DATADINASCITA,DATADISTINTIVO,DATAFINESTATO,DATAGOCCIAARG,DATAGOCCIABRO,DATAGOCCIAORO,DATAINIZIOSTATO,DATAMEDARGENT,DATAMEDBRONZO,DATAMEDORO,DATANUOVAANAGRAFICA,DATAPREMAGG,DATAPRIMAISCR,DATARUBINOCOLL,DETTAGLIOSOSP,DOMCAP,DOMCITTA,DOMINDIRIZZO,DOMISTAT,DOMLOCALITA,DOMPROV,DOMRESUGUALI,DOMTEL,DONAZANNO,DONAZIONIPREGR,DONAZIONIPREGRDOPO2004,DOPPIAPLTAF,EMAIL,ERITROPLASMA,ERITROPLT,FERMOPOSTA,FLAGALLERGIA,FLAGALTRABENE,FLAGBENEMERENZ,FLAGCROCEORO,FLAGDISTINTIVO,FLAGGOCCIAARG,FLAGGOCCIABRO,FLAGGOCCIAORO,FLAGMAIL,FLAGMEDARGENT,FLAGMEDBRONZO,FLAGMEDORO,FLAGPREMAGG,FLAGREPERIBILE,FLAGRUBINOCOLL,FLAGSMS,GRUPPOORGANIZZ,IDONEITA,IMPORTATO,INDICPIASTRAFER,INTERVALLOAFEAF,INTERVALLOAFESA,INTERVALLOSALAF,INTERVALLOSALSA,ISCRADMO,ISCRAIDO,KELL,LAVCODICE,LAVTEL,LEGGEPRIVACY,LETTPRIMADONSTAMPATA,LEUCOAFERESI,LIBERO0,LIBERO1,LIBERO10,LIBERO11,LIBERO2,LIBERO3,LIBERO4,LIBERO5,LIBERO6,LIBERO7,LIBERO8,LIBERO9,LUOGONASCITA,MEDICOBASE,MEMOCRYPTO,MEMODON,MESIDISPONIB,MOTIVOCANCELL,NOBENEM,NONPRESENTATO,NOTAIDONEITA,NUCLEOFAM,OCCUPAZIONE,PLASMAFERESI,PLASMAPLTAFERES,PLTAFERESI,PREFDOMENICA,PREFGIOVEDI,PREFLUNEDI,PREFMARTEDI,PREFMERCOLEDI,PREFSABATO,PREFVENERDI,PROFESSIONE,PROSSAFERESI,PROSSDONAZIONE,PROVDINASCITA,RAMOATTIVITA,REPERAL,REPERDAL,RESCAP,RESCITTA,RESINDIRIZZO,RESISTAT,RESLOCALITA,RESPROV,RESTEL,RH,SANGUEINTERO,SEDEPRIMAISCR,SESSO,SEZIONE,SOLOCOGNOME,SOLONOME,STAMPADOMRES,STATOASSOCIAT,STATOCIVILE,TESSERA,TESSERASANITARI,TESSERASTAMPATA,TESSERATO,TESTOLIBERO1,TESTOLIBERO2,TIPODOCCONVOC,TIPODONAZIONE,TITOLO,TITOLOSTUDIO,TOTALEAFERESI,TOTALEDONAZIONI,TOTALESI,TRASFADATA,TRASFDADATA,TRASFERITO,TRASFERITOA,TRASFERITODA,ULTIMAAFERESI,ULTIMDONAZIONE,ULTIMOCHECKU,ULTIMOECG,ULTIMOESACONTR,ULTIMORX,ULTIMOURINE) VALUES ('0019922765',2,0,0,0,null,null,null,null,null,0,null,1,0,'0019922765',0,null,245,null,'TRJLCU69A29Z100O','2765001990',null,null,'ASSELIENA FOLSTE DON_0019922765',0,0,0,0,0,0,0,0,0,0,1,null,{ts '2006-07-07 00:00:00'},{ts '2016-03-05 00:00:00'},null,{ts '1971-11-04 00:00:00'},null,null,null,null,null,{ts '2006-01-13 00:00:00'},null,null,null,null,null,null,null,null,'62100','Macerata','Via Padova, 258/2',null,null,'MC',1,null,0,0,0,0,'ASSELIEN@gmail.com',0,0,null,0,0,0,0,0,0,0,0,1,0,0,0,0,0,0,0,0,1,0,0,0,0,0,0,0,0,2,null,null,0,0,0,0,0,0,0,0,0,0,0,0,0,0,0,null,null,null,null,4095,null,0,0,'<Clob>',null,0,0,0,0,1,1,1,1,1,1,1,4,{ts '2015-05-12 00:00:00'},{ts '2015-08-10 00:00:00'},null,0,null,null,'62100','Macerata','Via Padova, 258/2',null,null,'MC',null,21,1,null,'F',2765,'ASSELIENA FOLSTE','DON_0019922765',0,4,0,'276507712',null,1,1,null,null,0,1,'Sig.ra',0,0,6,6,null,null,0,null,null,null,{ts '2015-02-11 00:00:00'},null,null,{ts '2003-10-23 00:00:00'},null,null);
INSERT INTO donatore (CODINTERNODONAT,AB0,AFERESIANNO,AFERESIMULTIPLA,AFERESIPREGRES,ALLERG2AL,ALLERG2DAL,ALLERGAL,ALLERGDAL,ALTRACARICA,BLOCCATODA,CANCELLADEFIN,CAPOFAMIGLIA,CARICASOCIALE,CELLULARE,CELLULESTAMINA,CODCOMUNENASC,CODCONVOCAZION,CODICEDONATORE,CODICEFISCALE,CODICELOGIDO,CODICEREG,COGNOMEDASPOSAT,COGNOMEENOME,COMMISSIONE1,COMMISSIONE2,COMMISSIONE3,COMMISSIONE4,COMMISSIONE5,COMMISSIONE6,COMMISSIONE7,COMMISSIONE8,COMMISSIONE9,CONSIGPLASMAF,CONVOCATO,DATAALTRABEN,DATABENEMERENZ,DATACONVPREN,DATACROCEORO,DATADINASCITA,DATADISTINTIVO,DATAFINESTATO,DATAGOCCIAARG,DATAGOCCIABRO,DATAGOCCIAORO,DATAINIZIOSTATO,DATAMEDARGENT,DATAMEDBRONZO,DATAMEDORO,DATANUOVAANAGRAFICA,DATAPREMAGG,DATAPRIMAISCR,DATARUBINOCOLL,DETTAGLIOSOSP,DOMCAP,DOMCITTA,DOMINDIRIZZO,DOMISTAT,DOMLOCALITA,DOMPROV,DOMRESUGUALI,DOMTEL,DONAZANNO,DONAZIONIPREGR,DONAZIONIPREGRDOPO2004,DOPPIAPLTAF,EMAIL,ERITROPLASMA,ERITROPLT,FERMOPOSTA,FLAGALLERGIA,FLAGALTRABENE,FLAGBENEMERENZ,FLAGCROCEORO,FLAGDISTINTIVO,FLAGGOCCIAARG,FLAGGOCCIABRO,FLAGGOCCIAORO,FLAGMAIL,FLAGMEDARGENT,FLAGMEDBRONZO,FLAGMEDORO,FLAGPREMAGG,FLAGREPERIBILE,FLAGRUBINOCOLL,FLAGSMS,GRUPPOORGANIZZ,IDONEITA,IMPORTATO,INDICPIASTRAFER,INTERVALLOAFEAF,INTERVALLOAFESA,INTERVALLOSALAF,INTERVALLOSALSA,ISCRADMO,ISCRAIDO,KELL,LAVCODICE,LAVTEL,LEGGEPRIVACY,LETTPRIMADONSTAMPATA,LEUCOAFERESI,LIBERO0,LIBERO1,LIBERO10,LIBERO11,LIBERO2,LIBERO3,LIBERO4,LIBERO5,LIBERO6,LIBERO7,LIBERO8,LIBERO9,LUOGONASCITA,MEDICOBASE,MEMOCRYPTO,MEMODON,MESIDISPONIB,MOTIVOCANCELL,NOBENEM,NONPRESENTATO,NOTAIDONEITA,NUCLEOFAM,OCCUPAZIONE,PLASMAFERESI,PLASMAPLTAFERES,PLTAFERESI,PREFDOMENICA,PREFGIOVEDI,PREFLUNEDI,PREFMARTEDI,PREFMERCOLEDI,PREFSABATO,PREFVENERDI,PROFESSIONE,PROSSAFERESI,PROSSDONAZIONE,PROVDINASCITA,RAMOATTIVITA,REPERAL,REPERDAL,RESCAP,RESCITTA,RESINDIRIZZO,RESISTAT,RESLOCALITA,RESPROV,RESTEL,RH,SANGUEINTERO,SEDEPRIMAISCR,SESSO,SEZIONE,SOLOCOGNOME,SOLONOME,STAMPADOMRES,STATOASSOCIAT,STATOCIVILE,TESSERA,TESSERASANITARI,TESSERASTAMPATA,TESSERATO,TESTOLIBERO1,TESTOLIBERO2,TIPODOCCONVOC,TIPODONAZIONE,TITOLO,TITOLOSTUDIO,TOTALEAFERESI,TOTALEDONAZIONI,TOTALESI,TRASFADATA,TRASFDADATA,TRASFERITO,TRASFERITOA,TRASFERITODA,ULTIMAAFERESI,ULTIMDONAZIONE,ULTIMOCHECKU,ULTIMOECG,ULTIMOESACONTR,ULTIMORX,ULTIMOURINE) VALUES ('0021592765',2,0,0,0,null,null,null,null,null,0,null,1,0,'0021592765',0,null,0,null,'CIFSC_0021592765','2765002157',null,null,'ROSA MARIA DON_0021592765',0,0,0,0,0,0,0,0,0,0,0,null,null,null,null,{ts '1949-04-15 00:00:00'},null,null,null,null,null,{ts '2006-01-13 00:00:00'},null,null,null,null,null,null,null,null,'62100','Macerata','Via Corazzi 24',null,null,'MC',1,null,1,0,0,0,'ROSAMAR@gmail.com',0,0,null,0,0,0,0,0,0,0,0,1,0,0,0,0,0,0,0,0,1,0,0,0,0,0,0,0,0,3,null,null,0,0,0,0,0,0,0,0,0,0,0,0,0,0,0,null,null,null,null,4095,null,0,0,'<Clob>',null,3,0,0,0,1,1,1,1,1,1,1,0,{ts '2016-03-14 00:00:00'},{ts '2016-06-12 00:00:00'},null,0,null,null,'62100','Macerata','Via Corazzi 24',null,null,'MC',null,21,1,null,'F',2765,'ROSA MARIA','DON_0021592765',0,4,0,'276508876',null,1,1,null,null,0,0,'Sig.ra',0,0,3,3,null,null,0,null,null,null,{ts '2015-12-15 00:00:00'},null,null,{ts '2003-07-01 00:00:00'},null,null);
INSERT INTO donatore (CODINTERNODONAT,AB0,AFERESIANNO,AFERESIMULTIPLA,AFERESIPREGRES,ALLERG2AL,ALLERG2DAL,ALLERGAL,ALLERGDAL,ALTRACARICA,BLOCCATODA,CANCELLADEFIN,CAPOFAMIGLIA,CARICASOCIALE,CELLULARE,CELLULESTAMINA,CODCOMUNENASC,CODCONVOCAZION,CODICEDONATORE,CODICEFISCALE,CODICELOGIDO,CODICEREG,COGNOMEDASPOSAT,COGNOMEENOME,COMMISSIONE1,COMMISSIONE2,COMMISSIONE3,COMMISSIONE4,COMMISSIONE5,COMMISSIONE6,COMMISSIONE7,COMMISSIONE8,COMMISSIONE9,CONSIGPLASMAF,CONVOCATO,DATAALTRABEN,DATABENEMERENZ,DATACONVPREN,DATACROCEORO,DATADINASCITA,DATADISTINTIVO,DATAFINESTATO,DATAGOCCIAARG,DATAGOCCIABRO,DATAGOCCIAORO,DATAINIZIOSTATO,DATAMEDARGENT,DATAMEDBRONZO,DATAMEDORO,DATANUOVAANAGRAFICA,DATAPREMAGG,DATAPRIMAISCR,DATARUBINOCOLL,DETTAGLIOSOSP,DOMCAP,DOMCITTA,DOMINDIRIZZO,DOMISTAT,DOMLOCALITA,DOMPROV,DOMRESUGUALI,DOMTEL,DONAZANNO,DONAZIONIPREGR,DONAZIONIPREGRDOPO2004,DOPPIAPLTAF,EMAIL,ERITROPLASMA,ERITROPLT,FERMOPOSTA,FLAGALLERGIA,FLAGALTRABENE,FLAGBENEMERENZ,FLAGCROCEORO,FLAGDISTINTIVO,FLAGGOCCIAARG,FLAGGOCCIABRO,FLAGGOCCIAORO,FLAGMAIL,FLAGMEDARGENT,FLAGMEDBRONZO,FLAGMEDORO,FLAGPREMAGG,FLAGREPERIBILE,FLAGRUBINOCOLL,FLAGSMS,GRUPPOORGANIZZ,IDONEITA,IMPORTATO,INDICPIASTRAFER,INTERVALLOAFEAF,INTERVALLOAFESA,INTERVALLOSALAF,INTERVALLOSALSA,ISCRADMO,ISCRAIDO,KELL,LAVCODICE,LAVTEL,LEGGEPRIVACY,LETTPRIMADONSTAMPATA,LEUCOAFERESI,LIBERO0,LIBERO1,LIBERO10,LIBERO11,LIBERO2,LIBERO3,LIBERO4,LIBERO5,LIBERO6,LIBERO7,LIBERO8,LIBERO9,LUOGONASCITA,MEDICOBASE,MEMOCRYPTO,MEMODON,MESIDISPONIB,MOTIVOCANCELL,NOBENEM,NONPRESENTATO,NOTAIDONEITA,NUCLEOFAM,OCCUPAZIONE,PLASMAFERESI,PLASMAPLTAFERES,PLTAFERESI,PREFDOMENICA,PREFGIOVEDI,PREFLUNEDI,PREFMARTEDI,PREFMERCOLEDI,PREFSABATO,PREFVENERDI,PROFESSIONE,PROSSAFERESI,PROSSDONAZIONE,PROVDINASCITA,RAMOATTIVITA,REPERAL,REPERDAL,RESCAP,RESCITTA,RESINDIRIZZO,RESISTAT,RESLOCALITA,RESPROV,RESTEL,RH,SANGUEINTERO,SEDEPRIMAISCR,SESSO,SEZIONE,SOLOCOGNOME,SOLONOME,STAMPADOMRES,STATOASSOCIAT,STATOCIVILE,TESSERA,TESSERASANITARI,TESSERASTAMPATA,TESSERATO,TESTOLIBERO1,TESTOLIBERO2,TIPODOCCONVOC,TIPODONAZIONE,TITOLO,TITOLOSTUDIO,TOTALEAFERESI,TOTALEDONAZIONI,TOTALESI,TRASFADATA,TRASFDADATA,TRASFERITO,TRASFERITOA,TRASFERITODA,ULTIMAAFERESI,ULTIMDONAZIONE,ULTIMOCHECKU,ULTIMOECG,ULTIMOESACONTR,ULTIMORX,ULTIMOURINE) VALUES ('0022002765',4,0,1,0,null,null,null,null,null,0,null,1,0,'0022002765',0,null,0,null,'CIFSC_0022002765','2765011129',null,null,'ALBERTO DON_0022002765',0,0,0,0,0,0,0,0,0,0,0,null,null,null,null,{ts '1946-09-28 00:00:00'},null,null,null,null,null,{ts '2009-09-09 00:00:00'},null,null,null,null,null,{ts '2015-05-01 00:00:00'},null,'','62100','Macerata','Via Spalato 13',null,null,'MC',1,null,1,0,0,0,'ALBERTO@gmail.com',0,0,null,0,0,0,0,0,0,0,0,1,0,0,0,0,0,0,0,0,1,0,0,0,0,0,0,0,0,2,null,null,0,0,0,0,0,0,0,0,0,0,0,0,0,0,0,null,null,null,null,4095,null,0,0,'<Clob>',null,0,1,0,0,1,1,1,1,1,1,1,7,{ts '2016-05-07 00:00:00'},{ts '2016-05-07 00:00:00'},null,0,null,null,'62100','Macerata','Via Spalato 13',null,null,'MC',null,21,1,'Macerata','M',2765,'ALBERTO','DON_0022002765',0,4,0,'276503822',null,1,1,null,null,0,0,'Sig.',0,3,6,3,null,null,0,null,null,{ts '2000-12-06 00:00:00'},{ts '2016-02-07 00:00:00'},null,null,{ts '2001-01-14 00:00:00'},null,null);
INSERT INTO donatore (CODINTERNODONAT,AB0,AFERESIANNO,AFERESIMULTIPLA,AFERESIPREGRES,ALLERG2AL,ALLERG2DAL,ALLERGAL,ALLERGDAL,ALTRACARICA,BLOCCATODA,CANCELLADEFIN,CAPOFAMIGLIA,CARICASOCIALE,CELLULARE,CELLULESTAMINA,CODCOMUNENASC,CODCONVOCAZION,CODICEDONATORE,CODICEFISCALE,CODICELOGIDO,CODICEREG,COGNOMEDASPOSAT,COGNOMEENOME,COMMISSIONE1,COMMISSIONE2,COMMISSIONE3,COMMISSIONE4,COMMISSIONE5,COMMISSIONE6,COMMISSIONE7,COMMISSIONE8,COMMISSIONE9,CONSIGPLASMAF,CONVOCATO,DATAALTRABEN,DATABENEMERENZ,DATACONVPREN,DATACROCEORO,DATADINASCITA,DATADISTINTIVO,DATAFINESTATO,DATAGOCCIAARG,DATAGOCCIABRO,DATAGOCCIAORO,DATAINIZIOSTATO,DATAMEDARGENT,DATAMEDBRONZO,DATAMEDORO,DATANUOVAANAGRAFICA,DATAPREMAGG,DATAPRIMAISCR,DATARUBINOCOLL,DETTAGLIOSOSP,DOMCAP,DOMCITTA,DOMINDIRIZZO,DOMISTAT,DOMLOCALITA,DOMPROV,DOMRESUGUALI,DOMTEL,DONAZANNO,DONAZIONIPREGR,DONAZIONIPREGRDOPO2004,DOPPIAPLTAF,EMAIL,ERITROPLASMA,ERITROPLT,FERMOPOSTA,FLAGALLERGIA,FLAGALTRABENE,FLAGBENEMERENZ,FLAGCROCEORO,FLAGDISTINTIVO,FLAGGOCCIAARG,FLAGGOCCIABRO,FLAGGOCCIAORO,FLAGMAIL,FLAGMEDARGENT,FLAGMEDBRONZO,FLAGMEDORO,FLAGPREMAGG,FLAGREPERIBILE,FLAGRUBINOCOLL,FLAGSMS,GRUPPOORGANIZZ,IDONEITA,IMPORTATO,INDICPIASTRAFER,INTERVALLOAFEAF,INTERVALLOAFESA,INTERVALLOSALAF,INTERVALLOSALSA,ISCRADMO,ISCRAIDO,KELL,LAVCODICE,LAVTEL,LEGGEPRIVACY,LETTPRIMADONSTAMPATA,LEUCOAFERESI,LIBERO0,LIBERO1,LIBERO10,LIBERO11,LIBERO2,LIBERO3,LIBERO4,LIBERO5,LIBERO6,LIBERO7,LIBERO8,LIBERO9,LUOGONASCITA,MEDICOBASE,MEMOCRYPTO,MEMODON,MESIDISPONIB,MOTIVOCANCELL,NOBENEM,NONPRESENTATO,NOTAIDONEITA,NUCLEOFAM,OCCUPAZIONE,PLASMAFERESI,PLASMAPLTAFERES,PLTAFERESI,PREFDOMENICA,PREFGIOVEDI,PREFLUNEDI,PREFMARTEDI,PREFMERCOLEDI,PREFSABATO,PREFVENERDI,PROFESSIONE,PROSSAFERESI,PROSSDONAZIONE,PROVDINASCITA,RAMOATTIVITA,REPERAL,REPERDAL,RESCAP,RESCITTA,RESINDIRIZZO,RESISTAT,RESLOCALITA,RESPROV,RESTEL,RH,SANGUEINTERO,SEDEPRIMAISCR,SESSO,SEZIONE,SOLOCOGNOME,SOLONOME,STAMPADOMRES,STATOASSOCIAT,STATOCIVILE,TESSERA,TESSERASANITARI,TESSERASTAMPATA,TESSERATO,TESTOLIBERO1,TESTOLIBERO2,TIPODOCCONVOC,TIPODONAZIONE,TITOLO,TITOLOSTUDIO,TOTALEAFERESI,TOTALEDONAZIONI,TOTALESI,TRASFADATA,TRASFDADATA,TRASFERITO,TRASFERITOA,TRASFERITODA,ULTIMAAFERESI,ULTIMDONAZIONE,ULTIMOCHECKU,ULTIMOECG,ULTIMOESACONTR,ULTIMORX,ULTIMOURINE) VALUES ('0025052765',5,0,1,0,null,null,null,null,null,0,null,1,0,'0025052765',0,null,243,null,'CIFSC_0025052765','2765002502',null,null,'ROBERTO 1 DON_0025052765',0,0,0,0,0,0,0,0,0,0,1,null,{ts '2007-12-12 00:00:00'},{ts '2016-02-28 00:00:00'},null,{ts '1962-06-12 00:00:00'},null,null,null,null,null,{ts '2006-01-13 00:00:00'},null,null,null,null,null,null,null,null,'62100','Macerata','Pzz Xx Settembre',null,null,'MC',1,null,1,0,0,0,'ROBERTO@gmail.com',0,0,null,0,0,1,0,0,0,0,0,1,0,0,0,0,0,0,0,0,1,0,0,0,0,0,0,0,0,2,null,null,0,0,0,0,0,0,0,0,0,0,0,0,0,0,0,null,null,null,null,4095,null,0,0,'<Clob>',null,0,0,0,0,1,1,1,1,1,1,1,4,{ts '2015-11-17 00:00:00'},{ts '2015-11-17 00:00:00'},null,0,null,null,'62100','Macerata','Pzz Xx Settembre',null,null,'MC',null,21,1,null,'M',2765,'ROBERTO 1','DON_0025052765',0,4,0,'276503607',null,1,1,null,null,0,1,'Sig.',0,1,10,9,null,null,0,null,null,{ts '2001-08-28 00:00:00'},{ts '2015-08-19 00:00:00'},{ts '2015-08-19 00:00:00'},null,{ts '2002-08-23 00:00:00'},null,null);
INSERT INTO donatore (CODINTERNODONAT,AB0,AFERESIANNO,AFERESIMULTIPLA,AFERESIPREGRES,ALLERG2AL,ALLERG2DAL,ALLERGAL,ALLERGDAL,ALTRACARICA,BLOCCATODA,CANCELLADEFIN,CAPOFAMIGLIA,CARICASOCIALE,CELLULARE,CELLULESTAMINA,CODCOMUNENASC,CODCONVOCAZION,CODICEDONATORE,CODICEFISCALE,CODICELOGIDO,CODICEREG,COGNOMEDASPOSAT,COGNOMEENOME,COMMISSIONE1,COMMISSIONE2,COMMISSIONE3,COMMISSIONE4,COMMISSIONE5,COMMISSIONE6,COMMISSIONE7,COMMISSIONE8,COMMISSIONE9,CONSIGPLASMAF,CONVOCATO,DATAALTRABEN,DATABENEMERENZ,DATACONVPREN,DATACROCEORO,DATADINASCITA,DATADISTINTIVO,DATAFINESTATO,DATAGOCCIAARG,DATAGOCCIABRO,DATAGOCCIAORO,DATAINIZIOSTATO,DATAMEDARGENT,DATAMEDBRONZO,DATAMEDORO,DATANUOVAANAGRAFICA,DATAPREMAGG,DATAPRIMAISCR,DATARUBINOCOLL,DETTAGLIOSOSP,DOMCAP,DOMCITTA,DOMINDIRIZZO,DOMISTAT,DOMLOCALITA,DOMPROV,DOMRESUGUALI,DOMTEL,DONAZANNO,DONAZIONIPREGR,DONAZIONIPREGRDOPO2004,DOPPIAPLTAF,EMAIL,ERITROPLASMA,ERITROPLT,FERMOPOSTA,FLAGALLERGIA,FLAGALTRABENE,FLAGBENEMERENZ,FLAGCROCEORO,FLAGDISTINTIVO,FLAGGOCCIAARG,FLAGGOCCIABRO,FLAGGOCCIAORO,FLAGMAIL,FLAGMEDARGENT,FLAGMEDBRONZO,FLAGMEDORO,FLAGPREMAGG,FLAGREPERIBILE,FLAGRUBINOCOLL,FLAGSMS,GRUPPOORGANIZZ,IDONEITA,IMPORTATO,INDICPIASTRAFER,INTERVALLOAFEAF,INTERVALLOAFESA,INTERVALLOSALAF,INTERVALLOSALSA,ISCRADMO,ISCRAIDO,KELL,LAVCODICE,LAVTEL,LEGGEPRIVACY,LETTPRIMADONSTAMPATA,LEUCOAFERESI,LIBERO0,LIBERO1,LIBERO10,LIBERO11,LIBERO2,LIBERO3,LIBERO4,LIBERO5,LIBERO6,LIBERO7,LIBERO8,LIBERO9,LUOGONASCITA,MEDICOBASE,MEMOCRYPTO,MEMODON,MESIDISPONIB,MOTIVOCANCELL,NOBENEM,NONPRESENTATO,NOTAIDONEITA,NUCLEOFAM,OCCUPAZIONE,PLASMAFERESI,PLASMAPLTAFERES,PLTAFERESI,PREFDOMENICA,PREFGIOVEDI,PREFLUNEDI,PREFMARTEDI,PREFMERCOLEDI,PREFSABATO,PREFVENERDI,PROFESSIONE,PROSSAFERESI,PROSSDONAZIONE,PROVDINASCITA,RAMOATTIVITA,REPERAL,REPERDAL,RESCAP,RESCITTA,RESINDIRIZZO,RESISTAT,RESLOCALITA,RESPROV,RESTEL,RH,SANGUEINTERO,SEDEPRIMAISCR,SESSO,SEZIONE,SOLOCOGNOME,SOLONOME,STAMPADOMRES,STATOASSOCIAT,STATOCIVILE,TESSERA,TESSERASANITARI,TESSERASTAMPATA,TESSERATO,TESTOLIBERO1,TESTOLIBERO2,TIPODOCCONVOC,TIPODONAZIONE,TITOLO,TITOLOSTUDIO,TOTALEAFERESI,TOTALEDONAZIONI,TOTALESI,TRASFADATA,TRASFDADATA,TRASFERITO,TRASFERITOA,TRASFERITODA,ULTIMAAFERESI,ULTIMDONAZIONE,ULTIMOCHECKU,ULTIMOECG,ULTIMOESACONTR,ULTIMORX,ULTIMOURINE) VALUES ('0034792765',2,0,0,0,null,null,null,null,null,0,null,1,0,'0034792765',0,null,243,null,'CIFSC_0034792765','2765003475',null,null,'SAMUEL DON_0034792765',0,0,0,0,0,0,0,0,0,0,1,null,{ts '2007-12-12 00:00:00'},{ts '2016-02-28 00:00:00'},null,{ts '1979-03-07 00:00:00'},null,null,null,null,null,{ts '2006-01-13 00:00:00'},null,null,null,null,null,null,null,null,'62100','Macerata','Via  Modigliani , 8',null,null,'MC',1,null,1,0,0,0,'SAMUELD@gmail.com',0,0,null,0,0,1,0,0,0,0,0,1,0,0,0,0,0,0,0,0,1,0,0,0,0,0,0,0,0,2,null,null,0,0,0,0,0,0,0,0,0,0,0,0,0,0,0,null,null,null,null,4095,null,0,0,'<Clob>',null,0,1,0,0,1,1,1,1,1,1,1,0,{ts '2016-01-06 00:00:00'},{ts '2016-01-06 00:00:00'},null,0,null,null,'62100','Macerata','Via  Modigliani , 8',null,null,'MC',null,27,1,null,'M',2765,'SAMUEL','DON_0034792765',0,4,0,'276508380',null,1,1,null,null,0,1,'Sig.',0,1,9,8,null,null,0,null,null,{ts '2001-10-10 00:00:00'},{ts '2015-10-08 00:00:00'},null,null,{ts '2005-09-26 00:00:00'},null,null);
INSERT INTO donatore (CODINTERNODONAT,AB0,AFERESIANNO,AFERESIMULTIPLA,AFERESIPREGRES,ALLERG2AL,ALLERG2DAL,ALLERGAL,ALLERGDAL,ALTRACARICA,BLOCCATODA,CANCELLADEFIN,CAPOFAMIGLIA,CARICASOCIALE,CELLULARE,CELLULESTAMINA,CODCOMUNENASC,CODCONVOCAZION,CODICEDONATORE,CODICEFISCALE,CODICELOGIDO,CODICEREG,COGNOMEDASPOSAT,COGNOMEENOME,COMMISSIONE1,COMMISSIONE2,COMMISSIONE3,COMMISSIONE4,COMMISSIONE5,COMMISSIONE6,COMMISSIONE7,COMMISSIONE8,COMMISSIONE9,CONSIGPLASMAF,CONVOCATO,DATAALTRABEN,DATABENEMERENZ,DATACONVPREN,DATACROCEORO,DATADINASCITA,DATADISTINTIVO,DATAFINESTATO,DATAGOCCIAARG,DATAGOCCIABRO,DATAGOCCIAORO,DATAINIZIOSTATO,DATAMEDARGENT,DATAMEDBRONZO,DATAMEDORO,DATANUOVAANAGRAFICA,DATAPREMAGG,DATAPRIMAISCR,DATARUBINOCOLL,DETTAGLIOSOSP,DOMCAP,DOMCITTA,DOMINDIRIZZO,DOMISTAT,DOMLOCALITA,DOMPROV,DOMRESUGUALI,DOMTEL,DONAZANNO,DONAZIONIPREGR,DONAZIONIPREGRDOPO2004,DOPPIAPLTAF,EMAIL,ERITROPLASMA,ERITROPLT,FERMOPOSTA,FLAGALLERGIA,FLAGALTRABENE,FLAGBENEMERENZ,FLAGCROCEORO,FLAGDISTINTIVO,FLAGGOCCIAARG,FLAGGOCCIABRO,FLAGGOCCIAORO,FLAGMAIL,FLAGMEDARGENT,FLAGMEDBRONZO,FLAGMEDORO,FLAGPREMAGG,FLAGREPERIBILE,FLAGRUBINOCOLL,FLAGSMS,GRUPPOORGANIZZ,IDONEITA,IMPORTATO,INDICPIASTRAFER,INTERVALLOAFEAF,INTERVALLOAFESA,INTERVALLOSALAF,INTERVALLOSALSA,ISCRADMO,ISCRAIDO,KELL,LAVCODICE,LAVTEL,LEGGEPRIVACY,LETTPRIMADONSTAMPATA,LEUCOAFERESI,LIBERO0,LIBERO1,LIBERO10,LIBERO11,LIBERO2,LIBERO3,LIBERO4,LIBERO5,LIBERO6,LIBERO7,LIBERO8,LIBERO9,LUOGONASCITA,MEDICOBASE,MEMOCRYPTO,MEMODON,MESIDISPONIB,MOTIVOCANCELL,NOBENEM,NONPRESENTATO,NOTAIDONEITA,NUCLEOFAM,OCCUPAZIONE,PLASMAFERESI,PLASMAPLTAFERES,PLTAFERESI,PREFDOMENICA,PREFGIOVEDI,PREFLUNEDI,PREFMARTEDI,PREFMERCOLEDI,PREFSABATO,PREFVENERDI,PROFESSIONE,PROSSAFERESI,PROSSDONAZIONE,PROVDINASCITA,RAMOATTIVITA,REPERAL,REPERDAL,RESCAP,RESCITTA,RESINDIRIZZO,RESISTAT,RESLOCALITA,RESPROV,RESTEL,RH,SANGUEINTERO,SEDEPRIMAISCR,SESSO,SEZIONE,SOLOCOGNOME,SOLONOME,STAMPADOMRES,STATOASSOCIAT,STATOCIVILE,TESSERA,TESSERASANITARI,TESSERASTAMPATA,TESSERATO,TESTOLIBERO1,TESTOLIBERO2,TIPODOCCONVOC,TIPODONAZIONE,TITOLO,TITOLOSTUDIO,TOTALEAFERESI,TOTALEDONAZIONI,TOTALESI,TRASFADATA,TRASFDADATA,TRASFERITO,TRASFERITOA,TRASFERITODA,ULTIMAAFERESI,ULTIMDONAZIONE,ULTIMOCHECKU,ULTIMOECG,ULTIMOESACONTR,ULTIMORX,ULTIMOURINE) VALUES ('0039852765',10,0,0,0,null,null,null,null,null,0,null,1,0,'0039852765',0,null,243,null,'CIFSC_0039852765','2765003980',null,null,'SABRINA DON_0039852765',0,0,0,0,0,0,0,0,0,0,1,null,null,{ts '2016-02-28 00:00:00'},null,{ts '1972-09-12 00:00:00'},null,null,null,null,null,{ts '2006-01-13 00:00:00'},null,null,null,null,null,null,null,null,'62100','Macerata','Via Pellettier 4',null,null,'MC',1,null,1,0,0,0,'SABRINA@gmail.com',0,0,null,0,0,0,0,0,0,0,0,1,0,0,0,0,0,0,0,0,1,0,0,0,0,0,0,0,0,2,'2587410000000000',null,0,0,0,0,0,0,0,0,0,0,0,0,0,0,0,null,'7878786548',null,'<Clob>',3103,null,0,0,'<Clob>',null,5,1,0,0,0,0,1,1,1,1,1,5,{ts '2015-09-23 00:00:00'},{ts '2015-12-22 00:00:00'},null,6,null,null,'62100','Macerata','Via Pellettier 4',null,null,'MC',null,21,1,null,'F',2765,'SABRINA','DON_0039852765',0,4,4,'276501034',null,1,1,null,null,0,1,'Sig.ra',2,1,2,1,null,null,0,null,null,{ts '1999-10-12 00:00:00'},{ts '2015-06-25 00:00:00'},{ts '2015-06-25 00:00:00'},null,{ts '2004-10-25 00:00:00'},null,{ts '2016-06-25 00:00:00'});
INSERT INTO donatore (CODINTERNODONAT,AB0,AFERESIANNO,AFERESIMULTIPLA,AFERESIPREGRES,ALLERG2AL,ALLERG2DAL,ALLERGAL,ALLERGDAL,ALTRACARICA,BLOCCATODA,CANCELLADEFIN,CAPOFAMIGLIA,CARICASOCIALE,CELLULARE,CELLULESTAMINA,CODCOMUNENASC,CODCONVOCAZION,CODICEDONATORE,CODICEFISCALE,CODICELOGIDO,CODICEREG,COGNOMEDASPOSAT,COGNOMEENOME,COMMISSIONE1,COMMISSIONE2,COMMISSIONE3,COMMISSIONE4,COMMISSIONE5,COMMISSIONE6,COMMISSIONE7,COMMISSIONE8,COMMISSIONE9,CONSIGPLASMAF,CONVOCATO,DATAALTRABEN,DATABENEMERENZ,DATACONVPREN,DATACROCEORO,DATADINASCITA,DATADISTINTIVO,DATAFINESTATO,DATAGOCCIAARG,DATAGOCCIABRO,DATAGOCCIAORO,DATAINIZIOSTATO,DATAMEDARGENT,DATAMEDBRONZO,DATAMEDORO,DATANUOVAANAGRAFICA,DATAPREMAGG,DATAPRIMAISCR,DATARUBINOCOLL,DETTAGLIOSOSP,DOMCAP,DOMCITTA,DOMINDIRIZZO,DOMISTAT,DOMLOCALITA,DOMPROV,DOMRESUGUALI,DOMTEL,DONAZANNO,DONAZIONIPREGR,DONAZIONIPREGRDOPO2004,DOPPIAPLTAF,EMAIL,ERITROPLASMA,ERITROPLT,FERMOPOSTA,FLAGALLERGIA,FLAGALTRABENE,FLAGBENEMERENZ,FLAGCROCEORO,FLAGDISTINTIVO,FLAGGOCCIAARG,FLAGGOCCIABRO,FLAGGOCCIAORO,FLAGMAIL,FLAGMEDARGENT,FLAGMEDBRONZO,FLAGMEDORO,FLAGPREMAGG,FLAGREPERIBILE,FLAGRUBINOCOLL,FLAGSMS,GRUPPOORGANIZZ,IDONEITA,IMPORTATO,INDICPIASTRAFER,INTERVALLOAFEAF,INTERVALLOAFESA,INTERVALLOSALAF,INTERVALLOSALSA,ISCRADMO,ISCRAIDO,KELL,LAVCODICE,LAVTEL,LEGGEPRIVACY,LETTPRIMADONSTAMPATA,LEUCOAFERESI,LIBERO0,LIBERO1,LIBERO10,LIBERO11,LIBERO2,LIBERO3,LIBERO4,LIBERO5,LIBERO6,LIBERO7,LIBERO8,LIBERO9,LUOGONASCITA,MEDICOBASE,MEMOCRYPTO,MEMODON,MESIDISPONIB,MOTIVOCANCELL,NOBENEM,NONPRESENTATO,NOTAIDONEITA,NUCLEOFAM,OCCUPAZIONE,PLASMAFERESI,PLASMAPLTAFERES,PLTAFERESI,PREFDOMENICA,PREFGIOVEDI,PREFLUNEDI,PREFMARTEDI,PREFMERCOLEDI,PREFSABATO,PREFVENERDI,PROFESSIONE,PROSSAFERESI,PROSSDONAZIONE,PROVDINASCITA,RAMOATTIVITA,REPERAL,REPERDAL,RESCAP,RESCITTA,RESINDIRIZZO,RESISTAT,RESLOCALITA,RESPROV,RESTEL,RH,SANGUEINTERO,SEDEPRIMAISCR,SESSO,SEZIONE,SOLOCOGNOME,SOLONOME,STAMPADOMRES,STATOASSOCIAT,STATOCIVILE,TESSERA,TESSERASANITARI,TESSERASTAMPATA,TESSERATO,TESTOLIBERO1,TESTOLIBERO2,TIPODOCCONVOC,TIPODONAZIONE,TITOLO,TITOLOSTUDIO,TOTALEAFERESI,TOTALEDONAZIONI,TOTALESI,TRASFADATA,TRASFDADATA,TRASFERITO,TRASFERITOA,TRASFERITODA,ULTIMAAFERESI,ULTIMDONAZIONE,ULTIMOCHECKU,ULTIMOECG,ULTIMOESACONTR,ULTIMORX,ULTIMOURINE) VALUES ('0048652765',2,0,0,5,null,null,null,null,null,0,null,1,0,'0048652765',0,null,0,null,'CIFSC_0048652765','2765004859',null,null,'ALESSANDRO DON_0048652765',0,0,0,0,0,0,0,0,0,0,0,null,{ts '2007-12-12 00:00:00'},null,null,{ts '1948-08-27 00:00:00'},null,null,null,null,null,{ts '2006-01-13 00:00:00'},null,{ts '2015-12-06 00:00:00'},null,null,null,null,null,'','62100','Macerata','Via Prov.Le Pisana N¡ 24',null,null,'MC',1,null,0,8,0,0,'ALESSAND@gmail.com',0,0,null,0,0,1,0,0,0,0,0,1,0,1,0,0,0,0,0,0,1,0,0,0,0,0,0,0,0,2,null,null,0,0,0,0,0,0,0,0,0,0,0,0,0,0,0,null,null,null,null,4095,null,0,0,'<Clob>','don',0,1,0,0,1,1,1,1,1,1,1,6,{ts '2016-03-15 00:00:00'},{ts '2016-03-15 00:00:00'},null,0,null,null,'62100','Macerata','Via Prov.Le Pisana N¡ 24',null,null,'MC',null,21,1,null,'M',2765,'ALESSANDRO','DON_0048652765',0,4,0,'276501423',null,1,1,null,null,0,0,'Sig.',0,9,22,13,null,null,0,null,null,{ts '2001-12-20 00:00:00'},{ts '2015-12-16 00:00:00'},null,null,{ts '2000-12-20 00:00:00'},null,null);
INSERT INTO donatore (CODINTERNODONAT,AB0,AFERESIANNO,AFERESIMULTIPLA,AFERESIPREGRES,ALLERG2AL,ALLERG2DAL,ALLERGAL,ALLERGDAL,ALTRACARICA,BLOCCATODA,CANCELLADEFIN,CAPOFAMIGLIA,CARICASOCIALE,CELLULARE,CELLULESTAMINA,CODCOMUNENASC,CODCONVOCAZION,CODICEDONATORE,CODICEFISCALE,CODICELOGIDO,CODICEREG,COGNOMEDASPOSAT,COGNOMEENOME,COMMISSIONE1,COMMISSIONE2,COMMISSIONE3,COMMISSIONE4,COMMISSIONE5,COMMISSIONE6,COMMISSIONE7,COMMISSIONE8,COMMISSIONE9,CONSIGPLASMAF,CONVOCATO,DATAALTRABEN,DATABENEMERENZ,DATACONVPREN,DATACROCEORO,DATADINASCITA,DATADISTINTIVO,DATAFINESTATO,DATAGOCCIAARG,DATAGOCCIABRO,DATAGOCCIAORO,DATAINIZIOSTATO,DATAMEDARGENT,DATAMEDBRONZO,DATAMEDORO,DATANUOVAANAGRAFICA,DATAPREMAGG,DATAPRIMAISCR,DATARUBINOCOLL,DETTAGLIOSOSP,DOMCAP,DOMCITTA,DOMINDIRIZZO,DOMISTAT,DOMLOCALITA,DOMPROV,DOMRESUGUALI,DOMTEL,DONAZANNO,DONAZIONIPREGR,DONAZIONIPREGRDOPO2004,DOPPIAPLTAF,EMAIL,ERITROPLASMA,ERITROPLT,FERMOPOSTA,FLAGALLERGIA,FLAGALTRABENE,FLAGBENEMERENZ,FLAGCROCEORO,FLAGDISTINTIVO,FLAGGOCCIAARG,FLAGGOCCIABRO,FLAGGOCCIAORO,FLAGMAIL,FLAGMEDARGENT,FLAGMEDBRONZO,FLAGMEDORO,FLAGPREMAGG,FLAGREPERIBILE,FLAGRUBINOCOLL,FLAGSMS,GRUPPOORGANIZZ,IDONEITA,IMPORTATO,INDICPIASTRAFER,INTERVALLOAFEAF,INTERVALLOAFESA,INTERVALLOSALAF,INTERVALLOSALSA,ISCRADMO,ISCRAIDO,KELL,LAVCODICE,LAVTEL,LEGGEPRIVACY,LETTPRIMADONSTAMPATA,LEUCOAFERESI,LIBERO0,LIBERO1,LIBERO10,LIBERO11,LIBERO2,LIBERO3,LIBERO4,LIBERO5,LIBERO6,LIBERO7,LIBERO8,LIBERO9,LUOGONASCITA,MEDICOBASE,MEMOCRYPTO,MEMODON,MESIDISPONIB,MOTIVOCANCELL,NOBENEM,NONPRESENTATO,NOTAIDONEITA,NUCLEOFAM,OCCUPAZIONE,PLASMAFERESI,PLASMAPLTAFERES,PLTAFERESI,PREFDOMENICA,PREFGIOVEDI,PREFLUNEDI,PREFMARTEDI,PREFMERCOLEDI,PREFSABATO,PREFVENERDI,PROFESSIONE,PROSSAFERESI,PROSSDONAZIONE,PROVDINASCITA,RAMOATTIVITA,REPERAL,REPERDAL,RESCAP,RESCITTA,RESINDIRIZZO,RESISTAT,RESLOCALITA,RESPROV,RESTEL,RH,SANGUEINTERO,SEDEPRIMAISCR,SESSO,SEZIONE,SOLOCOGNOME,SOLONOME,STAMPADOMRES,STATOASSOCIAT,STATOCIVILE,TESSERA,TESSERASANITARI,TESSERASTAMPATA,TESSERATO,TESTOLIBERO1,TESTOLIBERO2,TIPODOCCONVOC,TIPODONAZIONE,TITOLO,TITOLOSTUDIO,TOTALEAFERESI,TOTALEDONAZIONI,TOTALESI,TRASFADATA,TRASFDADATA,TRASFERITO,TRASFERITOA,TRASFERITODA,ULTIMAAFERESI,ULTIMDONAZIONE,ULTIMOCHECKU,ULTIMOECG,ULTIMOESACONTR,ULTIMORX,ULTIMOURINE) VALUES ('0051922765',8,0,0,0,null,null,null,null,null,0,null,1,0,'0051922765',0,null,243,null,'CIFSC_0051922765','2765005186',null,null,'UGO DON_0051922765',0,0,0,0,0,0,0,0,0,0,1,null,null,{ts '2016-02-28 00:00:00'},null,{ts '1947-07-12 00:00:00'},null,null,null,null,null,{ts '2006-01-13 00:00:00'},null,null,null,null,null,null,null,null,'62100','Macerata','Costella, 15',null,null,'MC',1,null,0,0,0,0,'UGODON_@gmail.com',0,0,null,0,0,0,0,0,0,0,0,1,0,0,0,0,0,0,0,0,1,0,0,0,0,0,0,0,0,2,null,null,0,0,0,0,0,0,0,0,0,0,0,0,0,0,0,null,null,null,null,4095,null,0,0,'<Clob>',null,0,1,0,0,1,1,1,1,1,1,1,6,{ts '2014-08-15 00:00:00'},{ts '2014-08-15 00:00:00'},null,0,null,null,'62100','Macerata','Costella, 15',null,null,'MC',null,3,1,null,'M',2765,'UGO','DON_0051922765',0,4,0,'276501567',null,1,1,null,null,0,1,'Sig.',0,3,4,1,null,null,0,null,null,{ts '1999-08-11 00:00:00'},{ts '2014-05-17 00:00:00'},null,null,{ts '1999-05-17 00:00:00'},null,null);
INSERT INTO donatore (CODINTERNODONAT,AB0,AFERESIANNO,AFERESIMULTIPLA,AFERESIPREGRES,ALLERG2AL,ALLERG2DAL,ALLERGAL,ALLERGDAL,ALTRACARICA,BLOCCATODA,CANCELLADEFIN,CAPOFAMIGLIA,CARICASOCIALE,CELLULARE,CELLULESTAMINA,CODCOMUNENASC,CODCONVOCAZION,CODICEDONATORE,CODICEFISCALE,CODICELOGIDO,CODICEREG,COGNOMEDASPOSAT,COGNOMEENOME,COMMISSIONE1,COMMISSIONE2,COMMISSIONE3,COMMISSIONE4,COMMISSIONE5,COMMISSIONE6,COMMISSIONE7,COMMISSIONE8,COMMISSIONE9,CONSIGPLASMAF,CONVOCATO,DATAALTRABEN,DATABENEMERENZ,DATACONVPREN,DATACROCEORO,DATADINASCITA,DATADISTINTIVO,DATAFINESTATO,DATAGOCCIAARG,DATAGOCCIABRO,DATAGOCCIAORO,DATAINIZIOSTATO,DATAMEDARGENT,DATAMEDBRONZO,DATAMEDORO,DATANUOVAANAGRAFICA,DATAPREMAGG,DATAPRIMAISCR,DATARUBINOCOLL,DETTAGLIOSOSP,DOMCAP,DOMCITTA,DOMINDIRIZZO,DOMISTAT,DOMLOCALITA,DOMPROV,DOMRESUGUALI,DOMTEL,DONAZANNO,DONAZIONIPREGR,DONAZIONIPREGRDOPO2004,DOPPIAPLTAF,EMAIL,ERITROPLASMA,ERITROPLT,FERMOPOSTA,FLAGALLERGIA,FLAGALTRABENE,FLAGBENEMERENZ,FLAGCROCEORO,FLAGDISTINTIVO,FLAGGOCCIAARG,FLAGGOCCIABRO,FLAGGOCCIAORO,FLAGMAIL,FLAGMEDARGENT,FLAGMEDBRONZO,FLAGMEDORO,FLAGPREMAGG,FLAGREPERIBILE,FLAGRUBINOCOLL,FLAGSMS,GRUPPOORGANIZZ,IDONEITA,IMPORTATO,INDICPIASTRAFER,INTERVALLOAFEAF,INTERVALLOAFESA,INTERVALLOSALAF,INTERVALLOSALSA,ISCRADMO,ISCRAIDO,KELL,LAVCODICE,LAVTEL,LEGGEPRIVACY,LETTPRIMADONSTAMPATA,LEUCOAFERESI,LIBERO0,LIBERO1,LIBERO10,LIBERO11,LIBERO2,LIBERO3,LIBERO4,LIBERO5,LIBERO6,LIBERO7,LIBERO8,LIBERO9,LUOGONASCITA,MEDICOBASE,MEMOCRYPTO,MEMODON,MESIDISPONIB,MOTIVOCANCELL,NOBENEM,NONPRESENTATO,NOTAIDONEITA,NUCLEOFAM,OCCUPAZIONE,PLASMAFERESI,PLASMAPLTAFERES,PLTAFERESI,PREFDOMENICA,PREFGIOVEDI,PREFLUNEDI,PREFMARTEDI,PREFMERCOLEDI,PREFSABATO,PREFVENERDI,PROFESSIONE,PROSSAFERESI,PROSSDONAZIONE,PROVDINASCITA,RAMOATTIVITA,REPERAL,REPERDAL,RESCAP,RESCITTA,RESINDIRIZZO,RESISTAT,RESLOCALITA,RESPROV,RESTEL,RH,SANGUEINTERO,SEDEPRIMAISCR,SESSO,SEZIONE,SOLOCOGNOME,SOLONOME,STAMPADOMRES,STATOASSOCIAT,STATOCIVILE,TESSERA,TESSERASANITARI,TESSERASTAMPATA,TESSERATO,TESTOLIBERO1,TESTOLIBERO2,TIPODOCCONVOC,TIPODONAZIONE,TITOLO,TITOLOSTUDIO,TOTALEAFERESI,TOTALEDONAZIONI,TOTALESI,TRASFADATA,TRASFDADATA,TRASFERITO,TRASFERITOA,TRASFERITODA,ULTIMAAFERESI,ULTIMDONAZIONE,ULTIMOCHECKU,ULTIMOECG,ULTIMOESACONTR,ULTIMORX,ULTIMOURINE) VALUES ('0052582765',2,0,0,0,null,null,null,null,null,0,null,1,0,'0052582765',0,null,243,null,'CIFSC_0052582765','2765005252',null,null,'MARIA CONCETTA DON_0052582765',0,0,0,0,0,0,0,0,0,0,1,null,{ts '2015-12-06 00:00:00'},{ts '2016-02-28 00:00:00'},null,{ts '1947-09-13 00:00:00'},null,null,null,null,null,{ts '2005-08-03 00:00:00'},null,null,null,null,null,null,null,'','62100','Macerata','Via Calzabigi 1',null,null,'MC',1,null,1,0,0,0,'MARIACO@gmail.com',0,0,null,0,0,1,0,0,0,0,0,1,0,0,0,0,0,0,0,0,1,0,0,0,0,0,0,0,0,2,'12345678',null,0,0,0,0,0,0,0,0,0,0,0,0,0,0,0,null,'12',null,null,4095,null,0,0,'<Clob>',null,8,1,0,0,1,1,1,1,1,1,1,5,{ts '2015-11-17 00:00:00'},{ts '2016-02-15 00:00:00'},null,5,null,null,'62100','Macerata','Via Calzabigi 1',null,null,'MC',null,22,1,null,'F',2765,'MARIA CONCETTA','DON_0052582765',0,4,2,'276507541',null,1,1,null,null,0,1,'Sig.ra',4,0,8,8,null,null,0,null,null,null,{ts '2015-08-19 00:00:00'},{ts '2015-08-19 00:00:00'},null,{ts '2005-08-02 00:00:00'},null,null);
INSERT INTO donatore (CODINTERNODONAT,AB0,AFERESIANNO,AFERESIMULTIPLA,AFERESIPREGRES,ALLERG2AL,ALLERG2DAL,ALLERGAL,ALLERGDAL,ALTRACARICA,BLOCCATODA,CANCELLADEFIN,CAPOFAMIGLIA,CARICASOCIALE,CELLULARE,CELLULESTAMINA,CODCOMUNENASC,CODCONVOCAZION,CODICEDONATORE,CODICEFISCALE,CODICELOGIDO,CODICEREG,COGNOMEDASPOSAT,COGNOMEENOME,COMMISSIONE1,COMMISSIONE2,COMMISSIONE3,COMMISSIONE4,COMMISSIONE5,COMMISSIONE6,COMMISSIONE7,COMMISSIONE8,COMMISSIONE9,CONSIGPLASMAF,CONVOCATO,DATAALTRABEN,DATABENEMERENZ,DATACONVPREN,DATACROCEORO,DATADINASCITA,DATADISTINTIVO,DATAFINESTATO,DATAGOCCIAARG,DATAGOCCIABRO,DATAGOCCIAORO,DATAINIZIOSTATO,DATAMEDARGENT,DATAMEDBRONZO,DATAMEDORO,DATANUOVAANAGRAFICA,DATAPREMAGG,DATAPRIMAISCR,DATARUBINOCOLL,DETTAGLIOSOSP,DOMCAP,DOMCITTA,DOMINDIRIZZO,DOMISTAT,DOMLOCALITA,DOMPROV,DOMRESUGUALI,DOMTEL,DONAZANNO,DONAZIONIPREGR,DONAZIONIPREGRDOPO2004,DOPPIAPLTAF,EMAIL,ERITROPLASMA,ERITROPLT,FERMOPOSTA,FLAGALLERGIA,FLAGALTRABENE,FLAGBENEMERENZ,FLAGCROCEORO,FLAGDISTINTIVO,FLAGGOCCIAARG,FLAGGOCCIABRO,FLAGGOCCIAORO,FLAGMAIL,FLAGMEDARGENT,FLAGMEDBRONZO,FLAGMEDORO,FLAGPREMAGG,FLAGREPERIBILE,FLAGRUBINOCOLL,FLAGSMS,GRUPPOORGANIZZ,IDONEITA,IMPORTATO,INDICPIASTRAFER,INTERVALLOAFEAF,INTERVALLOAFESA,INTERVALLOSALAF,INTERVALLOSALSA,ISCRADMO,ISCRAIDO,KELL,LAVCODICE,LAVTEL,LEGGEPRIVACY,LETTPRIMADONSTAMPATA,LEUCOAFERESI,LIBERO0,LIBERO1,LIBERO10,LIBERO11,LIBERO2,LIBERO3,LIBERO4,LIBERO5,LIBERO6,LIBERO7,LIBERO8,LIBERO9,LUOGONASCITA,MEDICOBASE,MEMOCRYPTO,MEMODON,MESIDISPONIB,MOTIVOCANCELL,NOBENEM,NONPRESENTATO,NOTAIDONEITA,NUCLEOFAM,OCCUPAZIONE,PLASMAFERESI,PLASMAPLTAFERES,PLTAFERESI,PREFDOMENICA,PREFGIOVEDI,PREFLUNEDI,PREFMARTEDI,PREFMERCOLEDI,PREFSABATO,PREFVENERDI,PROFESSIONE,PROSSAFERESI,PROSSDONAZIONE,PROVDINASCITA,RAMOATTIVITA,REPERAL,REPERDAL,RESCAP,RESCITTA,RESINDIRIZZO,RESISTAT,RESLOCALITA,RESPROV,RESTEL,RH,SANGUEINTERO,SEDEPRIMAISCR,SESSO,SEZIONE,SOLOCOGNOME,SOLONOME,STAMPADOMRES,STATOASSOCIAT,STATOCIVILE,TESSERA,TESSERASANITARI,TESSERASTAMPATA,TESSERATO,TESTOLIBERO1,TESTOLIBERO2,TIPODOCCONVOC,TIPODONAZIONE,TITOLO,TITOLOSTUDIO,TOTALEAFERESI,TOTALEDONAZIONI,TOTALESI,TRASFADATA,TRASFDADATA,TRASFERITO,TRASFERITOA,TRASFERITODA,ULTIMAAFERESI,ULTIMDONAZIONE,ULTIMOCHECKU,ULTIMOECG,ULTIMOESACONTR,ULTIMORX,ULTIMOURINE) VALUES ('0058122765',6,0,0,0,null,null,null,null,null,0,null,1,0,'0058122765',0,null,243,null,'CIFSC_0058122765','2765005806',null,null,'VIVIANA DON_0058122765',0,0,0,0,0,0,0,0,0,0,1,null,null,{ts '2016-02-28 00:00:00'},null,{ts '1952-06-16 00:00:00'},null,null,null,null,null,{ts '2006-01-13 00:00:00'},null,null,null,null,null,null,null,null,'62100','Macerata','Via Del Testaio 103',null,null,'MC',1,null,1,0,0,0,'VIVIANA@gmail.com',0,0,null,0,0,0,0,0,0,0,0,1,0,0,0,0,0,0,0,0,1,0,0,0,0,0,0,0,0,2,null,null,0,0,0,0,0,0,0,0,0,0,0,0,0,0,0,null,null,null,null,4095,null,0,0,'<Clob>',null,3,0,0,0,1,1,1,1,1,1,1,0,{ts '2015-05-03 00:00:00'},{ts '2015-05-03 00:00:00'},null,0,null,null,'62100','Macerata','Via Del Testaio 103',null,null,'MC',null,3,1,null,'M',2765,'VIVIANA','DON_0058122765',0,4,0,'276507758',null,1,1,null,null,0,1,'Sig.',0,0,2,2,null,null,0,null,null,null,{ts '2015-02-02 00:00:00'},null,null,{ts '1999-10-11 00:00:00'},null,null);
INSERT INTO donatore (CODINTERNODONAT,AB0,AFERESIANNO,AFERESIMULTIPLA,AFERESIPREGRES,ALLERG2AL,ALLERG2DAL,ALLERGAL,ALLERGDAL,ALTRACARICA,BLOCCATODA,CANCELLADEFIN,CAPOFAMIGLIA,CARICASOCIALE,CELLULARE,CELLULESTAMINA,CODCOMUNENASC,CODCONVOCAZION,CODICEDONATORE,CODICEFISCALE,CODICELOGIDO,CODICEREG,COGNOMEDASPOSAT,COGNOMEENOME,COMMISSIONE1,COMMISSIONE2,COMMISSIONE3,COMMISSIONE4,COMMISSIONE5,COMMISSIONE6,COMMISSIONE7,COMMISSIONE8,COMMISSIONE9,CONSIGPLASMAF,CONVOCATO,DATAALTRABEN,DATABENEMERENZ,DATACONVPREN,DATACROCEORO,DATADINASCITA,DATADISTINTIVO,DATAFINESTATO,DATAGOCCIAARG,DATAGOCCIABRO,DATAGOCCIAORO,DATAINIZIOSTATO,DATAMEDARGENT,DATAMEDBRONZO,DATAMEDORO,DATANUOVAANAGRAFICA,DATAPREMAGG,DATAPRIMAISCR,DATARUBINOCOLL,DETTAGLIOSOSP,DOMCAP,DOMCITTA,DOMINDIRIZZO,DOMISTAT,DOMLOCALITA,DOMPROV,DOMRESUGUALI,DOMTEL,DONAZANNO,DONAZIONIPREGR,DONAZIONIPREGRDOPO2004,DOPPIAPLTAF,EMAIL,ERITROPLASMA,ERITROPLT,FERMOPOSTA,FLAGALLERGIA,FLAGALTRABENE,FLAGBENEMERENZ,FLAGCROCEORO,FLAGDISTINTIVO,FLAGGOCCIAARG,FLAGGOCCIABRO,FLAGGOCCIAORO,FLAGMAIL,FLAGMEDARGENT,FLAGMEDBRONZO,FLAGMEDORO,FLAGPREMAGG,FLAGREPERIBILE,FLAGRUBINOCOLL,FLAGSMS,GRUPPOORGANIZZ,IDONEITA,IMPORTATO,INDICPIASTRAFER,INTERVALLOAFEAF,INTERVALLOAFESA,INTERVALLOSALAF,INTERVALLOSALSA,ISCRADMO,ISCRAIDO,KELL,LAVCODICE,LAVTEL,LEGGEPRIVACY,LETTPRIMADONSTAMPATA,LEUCOAFERESI,LIBERO0,LIBERO1,LIBERO10,LIBERO11,LIBERO2,LIBERO3,LIBERO4,LIBERO5,LIBERO6,LIBERO7,LIBERO8,LIBERO9,LUOGONASCITA,MEDICOBASE,MEMOCRYPTO,MEMODON,MESIDISPONIB,MOTIVOCANCELL,NOBENEM,NONPRESENTATO,NOTAIDONEITA,NUCLEOFAM,OCCUPAZIONE,PLASMAFERESI,PLASMAPLTAFERES,PLTAFERESI,PREFDOMENICA,PREFGIOVEDI,PREFLUNEDI,PREFMARTEDI,PREFMERCOLEDI,PREFSABATO,PREFVENERDI,PROFESSIONE,PROSSAFERESI,PROSSDONAZIONE,PROVDINASCITA,RAMOATTIVITA,REPERAL,REPERDAL,RESCAP,RESCITTA,RESINDIRIZZO,RESISTAT,RESLOCALITA,RESPROV,RESTEL,RH,SANGUEINTERO,SEDEPRIMAISCR,SESSO,SEZIONE,SOLOCOGNOME,SOLONOME,STAMPADOMRES,STATOASSOCIAT,STATOCIVILE,TESSERA,TESSERASANITARI,TESSERASTAMPATA,TESSERATO,TESTOLIBERO1,TESTOLIBERO2,TIPODOCCONVOC,TIPODONAZIONE,TITOLO,TITOLOSTUDIO,TOTALEAFERESI,TOTALEDONAZIONI,TOTALESI,TRASFADATA,TRASFDADATA,TRASFERITO,TRASFERITOA,TRASFERITODA,ULTIMAAFERESI,ULTIMDONAZIONE,ULTIMOCHECKU,ULTIMOECG,ULTIMOESACONTR,ULTIMORX,ULTIMOURINE) VALUES ('0077642765',2,0,0,0,null,null,null,null,null,0,null,1,0,'0077642765',0,'A271',231,null,'LBNSFN64L12A271G','2765007698','CRD00012754',null,'ALBANESI STEFANO',0,0,0,0,0,0,0,0,0,0,1,null,null,{ts '2015-12-20 00:00:00'},null,{ts '1964-07-12 00:00:00'},null,null,null,null,null,{ts '2007-11-07 00:00:00'},null,null,null,{ts '2008-11-26 11:36:32'},null,null,null,null,'60100','ANCONA','VIA ANTINORI 15',null,null,'AN',1,'2802561',1,0,0,0,'ALBANESI@gmail.com',0,0,null,0,0,0,0,0,0,0,0,1,0,0,0,0,0,0,0,0,1,0,0,60,60,60,90,0,0,2,null,null,1,0,0,0,1,0,0,0,0,0,0,0,0,0,0,'Ancona',null,null,null,4095,null,0,0,'<Clob>',null,0,1,0,0,1,1,1,1,1,1,1,2,{ts '2015-08-23 00:00:00'},{ts '2015-09-22 00:00:00'},'AN',0,null,null,'60100','ANCONA','VIA ANTINORI 15',null,null,'AN','2802561',23,1,null,'M',2697,'ALBANESI','STEFANO',0,4,0,null,null,0,1,null,null,0,1,'Sig.',0,0,2,2,null,null,0,null,null,null,{ts '2015-06-24 00:00:00'},{ts '2008-10-13 00:00:00'},null,{ts '2008-10-13 00:00:00'},null,null);
INSERT INTO donatore (CODINTERNODONAT,AB0,AFERESIANNO,AFERESIMULTIPLA,AFERESIPREGRES,ALLERG2AL,ALLERG2DAL,ALLERGAL,ALLERGDAL,ALTRACARICA,BLOCCATODA,CANCELLADEFIN,CAPOFAMIGLIA,CARICASOCIALE,CELLULARE,CELLULESTAMINA,CODCOMUNENASC,CODCONVOCAZION,CODICEDONATORE,CODICEFISCALE,CODICELOGIDO,CODICEREG,COGNOMEDASPOSAT,COGNOMEENOME,COMMISSIONE1,COMMISSIONE2,COMMISSIONE3,COMMISSIONE4,COMMISSIONE5,COMMISSIONE6,COMMISSIONE7,COMMISSIONE8,COMMISSIONE9,CONSIGPLASMAF,CONVOCATO,DATAALTRABEN,DATABENEMERENZ,DATACONVPREN,DATACROCEORO,DATADINASCITA,DATADISTINTIVO,DATAFINESTATO,DATAGOCCIAARG,DATAGOCCIABRO,DATAGOCCIAORO,DATAINIZIOSTATO,DATAMEDARGENT,DATAMEDBRONZO,DATAMEDORO,DATANUOVAANAGRAFICA,DATAPREMAGG,DATAPRIMAISCR,DATARUBINOCOLL,DETTAGLIOSOSP,DOMCAP,DOMCITTA,DOMINDIRIZZO,DOMISTAT,DOMLOCALITA,DOMPROV,DOMRESUGUALI,DOMTEL,DONAZANNO,DONAZIONIPREGR,DONAZIONIPREGRDOPO2004,DOPPIAPLTAF,EMAIL,ERITROPLASMA,ERITROPLT,FERMOPOSTA,FLAGALLERGIA,FLAGALTRABENE,FLAGBENEMERENZ,FLAGCROCEORO,FLAGDISTINTIVO,FLAGGOCCIAARG,FLAGGOCCIABRO,FLAGGOCCIAORO,FLAGMAIL,FLAGMEDARGENT,FLAGMEDBRONZO,FLAGMEDORO,FLAGPREMAGG,FLAGREPERIBILE,FLAGRUBINOCOLL,FLAGSMS,GRUPPOORGANIZZ,IDONEITA,IMPORTATO,INDICPIASTRAFER,INTERVALLOAFEAF,INTERVALLOAFESA,INTERVALLOSALAF,INTERVALLOSALSA,ISCRADMO,ISCRAIDO,KELL,LAVCODICE,LAVTEL,LEGGEPRIVACY,LETTPRIMADONSTAMPATA,LEUCOAFERESI,LIBERO0,LIBERO1,LIBERO10,LIBERO11,LIBERO2,LIBERO3,LIBERO4,LIBERO5,LIBERO6,LIBERO7,LIBERO8,LIBERO9,LUOGONASCITA,MEDICOBASE,MEMOCRYPTO,MEMODON,MESIDISPONIB,MOTIVOCANCELL,NOBENEM,NONPRESENTATO,NOTAIDONEITA,NUCLEOFAM,OCCUPAZIONE,PLASMAFERESI,PLASMAPLTAFERES,PLTAFERESI,PREFDOMENICA,PREFGIOVEDI,PREFLUNEDI,PREFMARTEDI,PREFMERCOLEDI,PREFSABATO,PREFVENERDI,PROFESSIONE,PROSSAFERESI,PROSSDONAZIONE,PROVDINASCITA,RAMOATTIVITA,REPERAL,REPERDAL,RESCAP,RESCITTA,RESINDIRIZZO,RESISTAT,RESLOCALITA,RESPROV,RESTEL,RH,SANGUEINTERO,SEDEPRIMAISCR,SESSO,SEZIONE,SOLOCOGNOME,SOLONOME,STAMPADOMRES,STATOASSOCIAT,STATOCIVILE,TESSERA,TESSERASANITARI,TESSERASTAMPATA,TESSERATO,TESTOLIBERO1,TESTOLIBERO2,TIPODOCCONVOC,TIPODONAZIONE,TITOLO,TITOLOSTUDIO,TOTALEAFERESI,TOTALEDONAZIONI,TOTALESI,TRASFADATA,TRASFDADATA,TRASFERITO,TRASFERITOA,TRASFERITODA,ULTIMAAFERESI,ULTIMDONAZIONE,ULTIMOCHECKU,ULTIMOECG,ULTIMOESACONTR,ULTIMORX,ULTIMOURINE) VALUES ('0098942765',6,0,0,0,null,null,null,null,null,0,null,1,0,'0098942765',0,null,243,'I10090000251694','CMPNLT77E57M126K','2765009866','100182262',null,'CAMPATELLI NICOLETTA',0,0,0,0,0,0,0,0,0,0,1,null,null,{ts '2016-02-28 00:00:00'},null,{ts '1977-05-17 00:00:00'},null,null,null,null,null,{ts '2010-10-22 00:00:00'},null,null,null,{ts '2010-10-22 17:08:05'},null,{ts '2005-02-02 00:00:00'},null,null,'',null,'VIA PONTE ALLA FURBA     43',null,null,null,1,'00000055870525',1,0,0,0,'CAMPATEL@gmail.com',0,0,null,0,0,0,0,0,0,0,0,1,0,0,0,0,0,0,0,0,1,0,0,0,0,0,0,0,0,2,null,null,0,0,0,0,0,0,0,0,0,0,0,0,0,0,0,null,null,null,'<Clob>',4095,null,1,0,'<Clob>',null,0,1,0,0,1,1,1,1,1,1,1,0,{ts '2015-10-04 00:00:00'},{ts '2016-01-02 00:00:00'},null,0,null,null,'',null,'VIA PONTE ALLA FURBA     43',null,null,null,'00000055870525',24,1,'Macerata','F',2765,'CAMPATELLI','NICOLETTA',0,4,0,'276590000',null,0,1,null,null,0,1,'Sig.ra',0,1,2,1,null,null,0,null,null,{ts '2010-09-15 00:00:00'},{ts '2015-07-06 00:00:00'},null,null,{ts '2010-09-15 00:00:00'},null,null);

insert into app_user (sso_id, password, state, CODINTERNODONAT, attempts)
SELECT
d.CODICEFISCALE sso_id
,'55CA' password
,'ACTIVE' state
,d.CODINTERNODONAT
,0 attempts
FROM donatore d


SELECT * FROM logidoneita

CREATE TABLE LOGIDONEITA
(
   CODICELOG varchar(10) PRIMARY KEY,
   GENERALE smallint DEFAULT 0,
   CODINTERNODONAT varchar(10),
   IDONEITA int DEFAULT 0,
   MOTIVOSOSPENSIONE varchar(20),
   DALLADATA datetime,
   ALLADATA datetime,
   NOTAIDONEITA text,
   EMOC_01 smallint DEFAULT 0,
   EMOC_02 smallint DEFAULT 0,
   EMOC_03 smallint DEFAULT 0,
   EMOC_04 smallint DEFAULT 0,
   EMOC_05 smallint DEFAULT 0,
   EMOC_06 smallint DEFAULT 0,
   EMOC_07 smallint DEFAULT 0,
   EMOC_08 smallint DEFAULT 0,
   EMOC_09 smallint DEFAULT 0,
   EMOC_10 smallint DEFAULT 0,
   CHIUSA smallint DEFAULT 0,
   LETTERASTAMPATA smallint DEFAULT 0
)
;

CREATE UNIQUE INDEX PK_LOGIDONEITA ON LOGIDONEITA (CODICELOG)
;

INSERT INTO LOGIDONEITA (CODICELOG,GENERALE,CODINTERNODONAT,IDONEITA,MOTIVOSOSPENSIONE,DALLADATA,ALLADATA,NOTAIDONEITA,EMOC_01,EMOC_02,EMOC_03,EMOC_04,EMOC_05,EMOC_06,EMOC_07,EMOC_08,EMOC_09,EMOC_10,CHIUSA,LETTERASTAMPATA) VALUES ('2765000541',1,'0005412765',4,'AAAA',{ts '2006-01-13 00:00:00'},{ts '2015-12-10 00:00:00'},'Importato con procedura TMMAVIS 111Riattivato automaticamente il 16/12/2015',0,0,0,0,0,0,0,0,0,0,1,0);
INSERT INTO LOGIDONEITA (CODICELOG,GENERALE,CODINTERNODONAT,IDONEITA,MOTIVOSOSPENSIONE,DALLADATA,ALLADATA,NOTAIDONEITA,EMOC_01,EMOC_02,EMOC_03,EMOC_04,EMOC_05,EMOC_06,EMOC_07,EMOC_08,EMOC_09,EMOC_10,CHIUSA,LETTERASTAMPATA) VALUES ('2765001315',1,'0013152765',1,null,{ts '2006-01-13 00:00:00'},null,'Importato con procedura TMMAVIS',0,0,0,0,0,0,0,0,0,0,0,0);
INSERT INTO LOGIDONEITA (CODICELOG,GENERALE,CODINTERNODONAT,IDONEITA,MOTIVOSOSPENSIONE,DALLADATA,ALLADATA,NOTAIDONEITA,EMOC_01,EMOC_02,EMOC_03,EMOC_04,EMOC_05,EMOC_06,EMOC_07,EMOC_08,EMOC_09,EMOC_10,CHIUSA,LETTERASTAMPATA) VALUES ('2765001429',1,'0014292765',1,null,{ts '2006-01-13 00:00:00'},null,'Importato con procedura TMMAVIS',0,0,0,0,0,0,0,0,0,0,0,0);
INSERT INTO LOGIDONEITA (CODICELOG,GENERALE,CODINTERNODONAT,IDONEITA,MOTIVOSOSPENSIONE,DALLADATA,ALLADATA,NOTAIDONEITA,EMOC_01,EMOC_02,EMOC_03,EMOC_04,EMOC_05,EMOC_06,EMOC_07,EMOC_08,EMOC_09,EMOC_10,CHIUSA,LETTERASTAMPATA) VALUES ('2765001977',1,'0019792765',1,null,{ts '2006-01-13 00:00:00'},null,'Importato con procedura TMMAVIS',0,0,0,0,0,0,0,0,0,0,0,0);
INSERT INTO LOGIDONEITA (CODICELOG,GENERALE,CODINTERNODONAT,IDONEITA,MOTIVOSOSPENSIONE,DALLADATA,ALLADATA,NOTAIDONEITA,EMOC_01,EMOC_02,EMOC_03,EMOC_04,EMOC_05,EMOC_06,EMOC_07,EMOC_08,EMOC_09,EMOC_10,CHIUSA,LETTERASTAMPATA) VALUES ('2765001990',1,'0019922765',1,null,{ts '2006-01-13 00:00:00'},null,'Importato con procedura TMMAVIS',0,0,0,0,0,0,0,0,0,0,0,0);
INSERT INTO LOGIDONEITA (CODICELOG,GENERALE,CODINTERNODONAT,IDONEITA,MOTIVOSOSPENSIONE,DALLADATA,ALLADATA,NOTAIDONEITA,EMOC_01,EMOC_02,EMOC_03,EMOC_04,EMOC_05,EMOC_06,EMOC_07,EMOC_08,EMOC_09,EMOC_10,CHIUSA,LETTERASTAMPATA) VALUES ('2765002157',1,'0021592765',1,null,{ts '2006-01-13 00:00:00'},null,'Importato con procedura TMMAVIS',0,0,0,0,0,0,0,0,0,0,0,0);
INSERT INTO LOGIDONEITA (CODICELOG,GENERALE,CODINTERNODONAT,IDONEITA,MOTIVOSOSPENSIONE,DALLADATA,ALLADATA,NOTAIDONEITA,EMOC_01,EMOC_02,EMOC_03,EMOC_04,EMOC_05,EMOC_06,EMOC_07,EMOC_08,EMOC_09,EMOC_10,CHIUSA,LETTERASTAMPATA) VALUES ('2765002198',1,'0022002765',1,null,{ts '2006-09-01 00:00:00'},{ts '2009-08-31 00:00:00'},'Importato con procedura TMMAVIS',0,0,0,0,0,0,0,0,0,0,1,0);
INSERT INTO LOGIDONEITA (CODICELOG,GENERALE,CODINTERNODONAT,IDONEITA,MOTIVOSOSPENSIONE,DALLADATA,ALLADATA,NOTAIDONEITA,EMOC_01,EMOC_02,EMOC_03,EMOC_04,EMOC_05,EMOC_06,EMOC_07,EMOC_08,EMOC_09,EMOC_10,CHIUSA,LETTERASTAMPATA) VALUES ('2765002502',1,'0025052765',1,null,{ts '2006-01-13 00:00:00'},null,'Importato con procedura TMMAVIS',0,0,0,0,0,0,0,0,0,0,0,0);
INSERT INTO LOGIDONEITA (CODICELOG,GENERALE,CODINTERNODONAT,IDONEITA,MOTIVOSOSPENSIONE,DALLADATA,ALLADATA,NOTAIDONEITA,EMOC_01,EMOC_02,EMOC_03,EMOC_04,EMOC_05,EMOC_06,EMOC_07,EMOC_08,EMOC_09,EMOC_10,CHIUSA,LETTERASTAMPATA) VALUES ('2765003475',1,'0034792765',1,null,{ts '2006-01-13 00:00:00'},null,'Importato con procedura TMMAVIS',0,0,0,0,0,0,0,0,0,0,0,0);
INSERT INTO LOGIDONEITA (CODICELOG,GENERALE,CODINTERNODONAT,IDONEITA,MOTIVOSOSPENSIONE,DALLADATA,ALLADATA,NOTAIDONEITA,EMOC_01,EMOC_02,EMOC_03,EMOC_04,EMOC_05,EMOC_06,EMOC_07,EMOC_08,EMOC_09,EMOC_10,CHIUSA,LETTERASTAMPATA) VALUES ('2765003980',1,'0039852765',1,null,{ts '2006-01-13 00:00:00'},null,'Importato con procedura TMMAVIS',0,0,0,0,0,0,0,0,0,0,0,0);
INSERT INTO LOGIDONEITA (CODICELOG,GENERALE,CODINTERNODONAT,IDONEITA,MOTIVOSOSPENSIONE,DALLADATA,ALLADATA,NOTAIDONEITA,EMOC_01,EMOC_02,EMOC_03,EMOC_04,EMOC_05,EMOC_06,EMOC_07,EMOC_08,EMOC_09,EMOC_10,CHIUSA,LETTERASTAMPATA) VALUES ('2765004859',1,'0048652765',1,'',{ts '2006-01-13 00:00:00'},null,'Importato con procedura TMMAVIS',0,0,0,0,0,0,0,0,0,0,0,0);
INSERT INTO LOGIDONEITA (CODICELOG,GENERALE,CODINTERNODONAT,IDONEITA,MOTIVOSOSPENSIONE,DALLADATA,ALLADATA,NOTAIDONEITA,EMOC_01,EMOC_02,EMOC_03,EMOC_04,EMOC_05,EMOC_06,EMOC_07,EMOC_08,EMOC_09,EMOC_10,CHIUSA,LETTERASTAMPATA) VALUES ('2765005186',1,'0051922765',1,null,{ts '2006-01-13 00:00:00'},null,'<Clob>',0,0,0,0,0,0,0,0,0,0,0,0);
INSERT INTO LOGIDONEITA (CODICELOG,GENERALE,CODINTERNODONAT,IDONEITA,MOTIVOSOSPENSIONE,DALLADATA,ALLADATA,NOTAIDONEITA,EMOC_01,EMOC_02,EMOC_03,EMOC_04,EMOC_05,EMOC_06,EMOC_07,EMOC_08,EMOC_09,EMOC_10,CHIUSA,LETTERASTAMPATA) VALUES ('2765005252',1,'0052582765',1,'',{ts '2005-08-03 00:00:00'},null,'<Clob>',0,0,0,0,0,0,0,0,0,0,0,0);
INSERT INTO LOGIDONEITA (CODICELOG,GENERALE,CODINTERNODONAT,IDONEITA,MOTIVOSOSPENSIONE,DALLADATA,ALLADATA,NOTAIDONEITA,EMOC_01,EMOC_02,EMOC_03,EMOC_04,EMOC_05,EMOC_06,EMOC_07,EMOC_08,EMOC_09,EMOC_10,CHIUSA,LETTERASTAMPATA) VALUES ('2765005806',1,'0058122765',1,null,{ts '2006-01-13 00:00:00'},null,'<Clob>',0,0,0,0,0,0,0,0,0,0,0,0);
INSERT INTO LOGIDONEITA (CODICELOG,GENERALE,CODINTERNODONAT,IDONEITA,MOTIVOSOSPENSIONE,DALLADATA,ALLADATA,NOTAIDONEITA,EMOC_01,EMOC_02,EMOC_03,EMOC_04,EMOC_05,EMOC_06,EMOC_07,EMOC_08,EMOC_09,EMOC_10,CHIUSA,LETTERASTAMPATA) VALUES ('2765006349',1,'0063662765',1,null,{ts '2007-07-19 00:00:00'},null,'<Clob>',0,0,0,0,0,0,0,0,0,0,0,0);
INSERT INTO LOGIDONEITA (CODICELOG,GENERALE,CODINTERNODONAT,IDONEITA,MOTIVOSOSPENSIONE,DALLADATA,ALLADATA,NOTAIDONEITA,EMOC_01,EMOC_02,EMOC_03,EMOC_04,EMOC_05,EMOC_06,EMOC_07,EMOC_08,EMOC_09,EMOC_10,CHIUSA,LETTERASTAMPATA) VALUES ('2765007698',1,'0077642765',1,null,{ts '2007-11-07 00:00:00'},null,'<Clob>',0,0,0,0,0,0,0,0,0,0,0,0);
INSERT INTO LOGIDONEITA (CODICELOG,GENERALE,CODINTERNODONAT,IDONEITA,MOTIVOSOSPENSIONE,DALLADATA,ALLADATA,NOTAIDONEITA,EMOC_01,EMOC_02,EMOC_03,EMOC_04,EMOC_05,EMOC_06,EMOC_07,EMOC_08,EMOC_09,EMOC_10,CHIUSA,LETTERASTAMPATA) VALUES ('2765008298',1,'0022002765',4,'AAAA',{ts '2009-09-01 00:00:00'},{ts '2009-09-08 00:00:00'},'<Clob>',0,0,0,0,0,0,0,0,0,0,1,0);
INSERT INTO LOGIDONEITA (CODICELOG,GENERALE,CODINTERNODONAT,IDONEITA,MOTIVOSOSPENSIONE,DALLADATA,ALLADATA,NOTAIDONEITA,EMOC_01,EMOC_02,EMOC_03,EMOC_04,EMOC_05,EMOC_06,EMOC_07,EMOC_08,EMOC_09,EMOC_10,CHIUSA,LETTERASTAMPATA) VALUES ('2765009866',1,'0098942765',1,null,{ts '2010-10-22 00:00:00'},null,'<Clob>',0,0,0,0,0,0,0,0,0,0,0,0);
INSERT INTO LOGIDONEITA (CODICELOG,GENERALE,CODINTERNODONAT,IDONEITA,MOTIVOSOSPENSIONE,DALLADATA,ALLADATA,NOTAIDONEITA,EMOC_01,EMOC_02,EMOC_03,EMOC_04,EMOC_05,EMOC_06,EMOC_07,EMOC_08,EMOC_09,EMOC_10,CHIUSA,LETTERASTAMPATA) VALUES ('2765011078',0,'0048652765',4,'-13',{ts '2015-07-06 00:00:00'},{ts '2015-07-06 00:00:00'},'<Clob>',0,1,1,1,1,0,1,1,1,1,1,0);
INSERT INTO LOGIDONEITA (CODICELOG,GENERALE,CODINTERNODONAT,IDONEITA,MOTIVOSOSPENSIONE,DALLADATA,ALLADATA,NOTAIDONEITA,EMOC_01,EMOC_02,EMOC_03,EMOC_04,EMOC_05,EMOC_06,EMOC_07,EMOC_08,EMOC_09,EMOC_10,CHIUSA,LETTERASTAMPATA) VALUES ('2765011079',0,'0048652765',4,'-15',{ts '2015-07-06 00:00:00'},{ts '2015-07-06 00:00:00'},'<Clob>',0,1,1,1,1,0,1,1,1,1,1,0);
INSERT INTO LOGIDONEITA (CODICELOG,GENERALE,CODINTERNODONAT,IDONEITA,MOTIVOSOSPENSIONE,DALLADATA,ALLADATA,NOTAIDONEITA,EMOC_01,EMOC_02,EMOC_03,EMOC_04,EMOC_05,EMOC_06,EMOC_07,EMOC_08,EMOC_09,EMOC_10,CHIUSA,LETTERASTAMPATA) VALUES ('2765011080',0,'0048652765',5,'-PIPPO',{ts '2015-07-06 00:00:00'},{ts '2015-07-31 00:00:00'},'<Clob>',0,1,1,1,1,0,1,1,1,1,0,0);
INSERT INTO LOGIDONEITA (CODICELOG,GENERALE,CODINTERNODONAT,IDONEITA,MOTIVOSOSPENSIONE,DALLADATA,ALLADATA,NOTAIDONEITA,EMOC_01,EMOC_02,EMOC_03,EMOC_04,EMOC_05,EMOC_06,EMOC_07,EMOC_08,EMOC_09,EMOC_10,CHIUSA,LETTERASTAMPATA) VALUES ('2765011091',1,'0098592765',1,'',{ts '2015-08-19 00:00:00'},null,'<Clob>',0,0,0,0,0,0,0,0,0,0,0,0);
INSERT INTO LOGIDONEITA (CODICELOG,GENERALE,CODINTERNODONAT,IDONEITA,MOTIVOSOSPENSIONE,DALLADATA,ALLADATA,NOTAIDONEITA,EMOC_01,EMOC_02,EMOC_03,EMOC_04,EMOC_05,EMOC_06,EMOC_07,EMOC_08,EMOC_09,EMOC_10,CHIUSA,LETTERASTAMPATA) VALUES ('2765011092',0,'0098592765',4,'-13',{ts '2015-08-19 00:00:00'},{ts '2015-09-30 00:00:00'},'<Clob>',0,1,0,0,0,0,0,0,0,0,0,0);
INSERT INTO LOGIDONEITA (CODICELOG,GENERALE,CODINTERNODONAT,IDONEITA,MOTIVOSOSPENSIONE,DALLADATA,ALLADATA,NOTAIDONEITA,EMOC_01,EMOC_02,EMOC_03,EMOC_04,EMOC_05,EMOC_06,EMOC_07,EMOC_08,EMOC_09,EMOC_10,CHIUSA,LETTERASTAMPATA) VALUES ('2765011093',0,'0098592765',5,'',{ts '2015-08-19 00:00:00'},{ts '2015-12-31 00:00:00'},'<Clob>',0,0,0,0,1,0,0,0,0,0,0,0);
INSERT INTO LOGIDONEITA (CODICELOG,GENERALE,CODINTERNODONAT,IDONEITA,MOTIVOSOSPENSIONE,DALLADATA,ALLADATA,NOTAIDONEITA,EMOC_01,EMOC_02,EMOC_03,EMOC_04,EMOC_05,EMOC_06,EMOC_07,EMOC_08,EMOC_09,EMOC_10,CHIUSA,LETTERASTAMPATA) VALUES ('2765011094',0,'0098592765',4,'-15',{ts '2015-08-19 00:00:00'},{ts '2015-10-30 00:00:00'},'<Clob>',0,0,0,0,0,1,0,0,0,0,0,0);
INSERT INTO LOGIDONEITA (CODICELOG,GENERALE,CODINTERNODONAT,IDONEITA,MOTIVOSOSPENSIONE,DALLADATA,ALLADATA,NOTAIDONEITA,EMOC_01,EMOC_02,EMOC_03,EMOC_04,EMOC_05,EMOC_06,EMOC_07,EMOC_08,EMOC_09,EMOC_10,CHIUSA,LETTERASTAMPATA) VALUES ('2765011099',0,'0034792765',4,'3',{ts '2015-10-08 00:00:00'},{ts '2015-10-25 00:00:00'},'<Clob>',0,1,1,1,1,0,1,1,1,1,0,0);
INSERT INTO LOGIDONEITA (CODICELOG,GENERALE,CODINTERNODONAT,IDONEITA,MOTIVOSOSPENSIONE,DALLADATA,ALLADATA,NOTAIDONEITA,EMOC_01,EMOC_02,EMOC_03,EMOC_04,EMOC_05,EMOC_06,EMOC_07,EMOC_08,EMOC_09,EMOC_10,CHIUSA,LETTERASTAMPATA) VALUES ('2765011102',1,'0005412765',1,'',{ts '2015-12-11 00:00:00'},null,'<Clob>',0,0,0,0,0,0,0,0,0,0,0,0);
INSERT INTO LOGIDONEITA (CODICELOG,GENERALE,CODINTERNODONAT,IDONEITA,MOTIVOSOSPENSIONE,DALLADATA,ALLADATA,NOTAIDONEITA,EMOC_01,EMOC_02,EMOC_03,EMOC_04,EMOC_05,EMOC_06,EMOC_07,EMOC_08,EMOC_09,EMOC_10,CHIUSA,LETTERASTAMPATA) VALUES ('2765011129',1,'0022002765',1,'',{ts '2009-09-09 00:00:00'},null,'<Clob>',0,0,0,0,0,0,0,0,0,0,0,0);


SELECT * FROM TIPODONAZ

INSERT INTO TIPODONAZ (CODICE,DESCRIZIONE,RIMBORSOSP,SIGLA,RIMBORSORMAT,RIMBORSORNOMAT,RPERS1,RPERS2,RPERS3,RPERS4,RPERS5) VALUES (1,'Sangue Intero',18.8,'SI',50.0,12.0,0.0,1.0,0.0,0.0,0.0);
INSERT INTO TIPODONAZ (CODICE,DESCRIZIONE,RIMBORSOSP,SIGLA,RIMBORSORMAT,RIMBORSORNOMAT,RPERS1,RPERS2,RPERS3,RPERS4,RPERS5) VALUES (2,'Plasmaferesi',20.5,'PL',60.0,34.0,0.0,2.0,0.0,0.0,0.0);


SELECT * FROM PUNTOPRELIEVO pp 
--where pp.CODICEPUNTOPREL in (12765, 152765)

INSERT INTO PUNTOPRELIEVO (CODICEPUNTOPREL,NOMEPUNTOPREL,INDIRIZZO,CAP,CITTA,TELEFONO,FAX,CONTATTO,LUNEDI,LUNDALLE,LUNALLE,MARTEDI,MARDALLE,MARALLE,MERCOLEDI,MERDALLE,MERALLE,GIOVEDI,GIODALLE,GIOALLE,VENERDI,VENDALLE,VENALLE,SABATO,SABDALLE,SABALLE,DOMENICA,DOMDALLE,DOMALLE,PROV,USL,NOTADASTAMPAR,ISTAT,TIPORIMBORSO,EMAIL,TIPOSTRUTTURA,MODEM,GESTISCEOSSASS,LOCALITA,SITOINTER,LUNDALLE2,LUNALLE2,MARDALLA2,MARALLE2,MERDALLE2,MERALLE2,GIODALLE2,GIOALLE2,VENDALLE2,VENALLE2,SABDALLE2,SABALLE2,DOMDALLE2,DOMALLE2,CODICEHOST) VALUES (12765,'Osp.Macerata',null,null,null,null,null,null,0,{ts '1970-01-01 00:00:00'},{ts '1970-01-01 00:00:00'},0,{ts '1970-01-01 00:00:00'},{ts '1970-01-01 00:00:00'},0,{ts '1970-01-01 00:00:00'},{ts '1970-01-01 00:00:00'},0,{ts '1970-01-01 00:00:00'},{ts '1970-01-01 00:00:00'},0,{ts '1970-01-01 00:00:00'},{ts '1970-01-01 00:00:00'},0,{ts '1970-01-01 00:00:00'},{ts '1970-01-01 00:00:00'},0,{ts '1970-01-01 00:00:00'},{ts '1970-01-01 00:00:00'},null,0,null,null,0,null,0,null,0,null,null,{ts '1970-01-01 00:00:00'},{ts '1970-01-01 00:00:00'},{ts '1970-01-01 00:00:00'},{ts '1970-01-01 00:00:00'},{ts '1970-01-01 00:00:00'},{ts '1970-01-01 00:00:00'},{ts '1970-01-01 00:00:00'},{ts '1970-01-01 00:00:00'},{ts '1970-01-01 00:00:00'},{ts '1970-01-01 00:00:00'},{ts '1970-01-01 00:00:00'},{ts '1970-01-01 00:00:00'},{ts '1970-01-01 00:00:00'},{ts '1970-01-01 00:00:00'},null);
INSERT INTO PUNTOPRELIEVO (CODICEPUNTOPREL,NOMEPUNTOPREL,INDIRIZZO,CAP,CITTA,TELEFONO,FAX,CONTATTO,LUNEDI,LUNDALLE,LUNALLE,MARTEDI,MARDALLE,MARALLE,MERCOLEDI,MERDALLE,MERALLE,GIOVEDI,GIODALLE,GIOALLE,VENERDI,VENDALLE,VENALLE,SABATO,SABDALLE,SABALLE,DOMENICA,DOMDALLE,DOMALLE,PROV,USL,NOTADASTAMPAR,ISTAT,TIPORIMBORSO,EMAIL,TIPOSTRUTTURA,MODEM,GESTISCEOSSASS,LOCALITA,SITOINTER,LUNDALLE2,LUNALLE2,MARDALLA2,MARALLE2,MERDALLE2,MERALLE2,GIODALLE2,GIOALLE2,VENDALLE2,VENALLE2,SABDALLE2,SABALLE2,DOMDALLE2,DOMALLE2,CODICEHOST) VALUES (152765,'Macerata Festivo',null,null,null,null,null,null,0,{ts '1970-01-01 00:00:00'},{ts '1970-01-01 00:00:00'},0,{ts '1970-01-01 00:00:00'},{ts '1970-01-01 00:00:00'},0,{ts '1970-01-01 00:00:00'},{ts '1970-01-01 00:00:00'},0,{ts '1970-01-01 00:00:00'},{ts '1970-01-01 00:00:00'},0,{ts '1970-01-01 00:00:00'},{ts '1970-01-01 00:00:00'},0,{ts '1970-01-01 00:00:00'},{ts '1970-01-01 00:00:00'},0,{ts '1970-01-01 00:00:00'},{ts '1970-01-01 00:00:00'},null,0,null,null,4,null,0,null,0,null,null,{ts '1970-01-01 00:00:00'},{ts '1970-01-01 00:00:00'},{ts '1970-01-01 00:00:00'},{ts '1970-01-01 00:00:00'},{ts '1970-01-01 00:00:00'},{ts '1970-01-01 00:00:00'},{ts '1970-01-01 00:00:00'},{ts '1970-01-01 00:00:00'},{ts '1970-01-01 00:00:00'},{ts '1970-01-01 00:00:00'},{ts '1970-01-01 00:00:00'},{ts '1970-01-01 00:00:00'},{ts '1970-01-01 00:00:00'},{ts '1970-01-01 00:00:00'},null);




SELECT * FROM macchine

INSERT INTO macchine (ID,NOME,PP,DISPONIBILITA,NOTAMACCHINA,TIPODONAZ_ID) VALUES (15,'Aferesi Prova diego',12765,'','',1);
INSERT INTO macchine (ID,NOME,PP,DISPONIBILITA,NOTAMACCHINA,TIPODONAZ_ID) VALUES (17,'Prelievo sangue m1',12765,'','Manutenzione il giovedì',1);
INSERT INTO macchine (ID,NOME,PP,DISPONIBILITA,NOTAMACCHINA,TIPODONAZ_ID) VALUES (20,'macchina giova mauro',152765,'','dgdh',1);
INSERT INTO macchine (ID,NOME,PP,DISPONIBILITA,NOTAMACCHINA,TIPODONAZ_ID) VALUES (21,'Prelievo sangue m2',12765,'','Manutenzione il venerdì',1);



INSERT INTO agenda (IDMACCHINA,DATAORAPREN,CODINTERNODONAT,NOTAPREN) VALUES (15,{ts '2016-04-19 13:00:00'},null,null);
INSERT INTO agenda (IDMACCHINA,DATAORAPREN,CODINTERNODONAT,NOTAPREN) VALUES (15,{ts '2016-04-19 15:00:00'},null,null);
INSERT INTO agenda (IDMACCHINA,DATAORAPREN,CODINTERNODONAT,NOTAPREN) VALUES (15,{ts '2016-04-21 09:00:00'},null,null);
INSERT INTO agenda (IDMACCHINA,DATAORAPREN,CODINTERNODONAT,NOTAPREN) VALUES (15,{ts '2016-04-22 09:00:00'},null,null);
INSERT INTO agenda (IDMACCHINA,DATAORAPREN,CODINTERNODONAT,NOTAPREN) VALUES (15,{ts '2016-04-22 12:00:00'},null,null);
INSERT INTO agenda (IDMACCHINA,DATAORAPREN,CODINTERNODONAT,NOTAPREN) VALUES (15,{ts '2016-04-23 09:00:00'},null,null);
INSERT INTO agenda (IDMACCHINA,DATAORAPREN,CODINTERNODONAT,NOTAPREN) VALUES (15,{ts '2016-04-25 09:00:00'},null,null);
INSERT INTO agenda (IDMACCHINA,DATAORAPREN,CODINTERNODONAT,NOTAPREN) VALUES (15,{ts '2016-04-25 11:00:00'},null,null);
INSERT INTO agenda (IDMACCHINA,DATAORAPREN,CODINTERNODONAT,NOTAPREN) VALUES (15,{ts '2016-04-26 13:00:00'},null,null);
INSERT INTO agenda (IDMACCHINA,DATAORAPREN,CODINTERNODONAT,NOTAPREN) VALUES (15,{ts '2016-04-26 15:00:00'},null,null);
INSERT INTO agenda (IDMACCHINA,DATAORAPREN,CODINTERNODONAT,NOTAPREN) VALUES (15,{ts '2016-04-28 09:00:00'},null,null);
INSERT INTO agenda (IDMACCHINA,DATAORAPREN,CODINTERNODONAT,NOTAPREN) VALUES (15,{ts '2016-04-29 09:00:00'},null,null);
INSERT INTO agenda (IDMACCHINA,DATAORAPREN,CODINTERNODONAT,NOTAPREN) VALUES (15,{ts '2016-04-29 12:00:00'},null,null);
INSERT INTO agenda (IDMACCHINA,DATAORAPREN,CODINTERNODONAT,NOTAPREN) VALUES (15,{ts '2016-04-30 09:00:00'},null,null);
INSERT INTO agenda (IDMACCHINA,DATAORAPREN,CODINTERNODONAT,NOTAPREN) VALUES (15,{ts '2016-05-02 09:00:00'},null,null);
INSERT INTO agenda (IDMACCHINA,DATAORAPREN,CODINTERNODONAT,NOTAPREN) VALUES (15,{ts '2016-05-02 11:00:00'},null,null);
INSERT INTO agenda (IDMACCHINA,DATAORAPREN,CODINTERNODONAT,NOTAPREN) VALUES (15,{ts '2016-05-03 13:00:00'},null,null);
INSERT INTO agenda (IDMACCHINA,DATAORAPREN,CODINTERNODONAT,NOTAPREN) VALUES (15,{ts '2016-05-03 15:00:00'},null,null);
INSERT INTO agenda (IDMACCHINA,DATAORAPREN,CODINTERNODONAT,NOTAPREN) VALUES (15,{ts '2016-05-05 09:00:00'},null,null);
INSERT INTO agenda (IDMACCHINA,DATAORAPREN,CODINTERNODONAT,NOTAPREN) VALUES (15,{ts '2016-05-06 09:00:00'},null,null);
INSERT INTO agenda (IDMACCHINA,DATAORAPREN,CODINTERNODONAT,NOTAPREN) VALUES (15,{ts '2016-05-06 12:00:00'},null,null);
INSERT INTO agenda (IDMACCHINA,DATAORAPREN,CODINTERNODONAT,NOTAPREN) VALUES (15,{ts '2016-05-07 09:00:00'},null,null);
INSERT INTO agenda (IDMACCHINA,DATAORAPREN,CODINTERNODONAT,NOTAPREN) VALUES (15,{ts '2016-05-09 09:00:00'},null,null);
INSERT INTO agenda (IDMACCHINA,DATAORAPREN,CODINTERNODONAT,NOTAPREN) VALUES (15,{ts '2016-05-09 11:00:00'},null,null);
INSERT INTO agenda (IDMACCHINA,DATAORAPREN,CODINTERNODONAT,NOTAPREN) VALUES (15,{ts '2016-05-10 13:00:00'},null,null);
INSERT INTO agenda (IDMACCHINA,DATAORAPREN,CODINTERNODONAT,NOTAPREN) VALUES (15,{ts '2016-05-10 15:00:00'},null,null);
INSERT INTO agenda (IDMACCHINA,DATAORAPREN,CODINTERNODONAT,NOTAPREN) VALUES (15,{ts '2016-05-12 09:00:00'},null,null);
INSERT INTO agenda (IDMACCHINA,DATAORAPREN,CODINTERNODONAT,NOTAPREN) VALUES (15,{ts '2016-05-13 09:00:00'},null,null);
INSERT INTO agenda (IDMACCHINA,DATAORAPREN,CODINTERNODONAT,NOTAPREN) VALUES (15,{ts '2016-05-13 12:00:00'},null,null);
INSERT INTO agenda (IDMACCHINA,DATAORAPREN,CODINTERNODONAT,NOTAPREN) VALUES (15,{ts '2016-05-14 09:00:00'},null,null);
INSERT INTO agenda (IDMACCHINA,DATAORAPREN,CODINTERNODONAT,NOTAPREN) VALUES (15,{ts '2016-05-16 09:00:00'},null,null);
INSERT INTO agenda (IDMACCHINA,DATAORAPREN,CODINTERNODONAT,NOTAPREN) VALUES (15,{ts '2016-05-16 11:00:00'},null,null);
INSERT INTO agenda (IDMACCHINA,DATAORAPREN,CODINTERNODONAT,NOTAPREN) VALUES (15,{ts '2016-05-17 13:00:00'},null,null);
INSERT INTO agenda (IDMACCHINA,DATAORAPREN,CODINTERNODONAT,NOTAPREN) VALUES (15,{ts '2016-05-17 15:00:00'},null,null);
INSERT INTO agenda (IDMACCHINA,DATAORAPREN,CODINTERNODONAT,NOTAPREN) VALUES (15,{ts '2016-05-19 09:00:00'},null,null);
INSERT INTO agenda (IDMACCHINA,DATAORAPREN,CODINTERNODONAT,NOTAPREN) VALUES (15,{ts '2016-05-20 09:00:00'},null,null);
INSERT INTO agenda (IDMACCHINA,DATAORAPREN,CODINTERNODONAT,NOTAPREN) VALUES (15,{ts '2016-05-20 12:00:00'},null,null);
INSERT INTO agenda (IDMACCHINA,DATAORAPREN,CODINTERNODONAT,NOTAPREN) VALUES (15,{ts '2016-05-21 09:00:00'},null,null);
INSERT INTO agenda (IDMACCHINA,DATAORAPREN,CODINTERNODONAT,NOTAPREN) VALUES (15,{ts '2016-05-23 09:00:00'},null,null);
INSERT INTO agenda (IDMACCHINA,DATAORAPREN,CODINTERNODONAT,NOTAPREN) VALUES (15,{ts '2016-05-23 11:00:00'},null,null);
INSERT INTO agenda (IDMACCHINA,DATAORAPREN,CODINTERNODONAT,NOTAPREN) VALUES (15,{ts '2016-05-24 13:00:00'},null,null);
INSERT INTO agenda (IDMACCHINA,DATAORAPREN,CODINTERNODONAT,NOTAPREN) VALUES (15,{ts '2016-05-24 15:00:00'},null,null);
INSERT INTO agenda (IDMACCHINA,DATAORAPREN,CODINTERNODONAT,NOTAPREN) VALUES (15,{ts '2016-05-26 09:00:00'},null,null);
INSERT INTO agenda (IDMACCHINA,DATAORAPREN,CODINTERNODONAT,NOTAPREN) VALUES (15,{ts '2016-05-27 09:00:00'},null,null);
INSERT INTO agenda (IDMACCHINA,DATAORAPREN,CODINTERNODONAT,NOTAPREN) VALUES (15,{ts '2016-05-27 12:00:00'},null,null);
INSERT INTO agenda (IDMACCHINA,DATAORAPREN,CODINTERNODONAT,NOTAPREN) VALUES (15,{ts '2016-05-28 09:00:00'},null,null);
INSERT INTO agenda (IDMACCHINA,DATAORAPREN,CODINTERNODONAT,NOTAPREN) VALUES (15,{ts '2016-05-30 09:00:00'},null,null);
INSERT INTO agenda (IDMACCHINA,DATAORAPREN,CODINTERNODONAT,NOTAPREN) VALUES (15,{ts '2016-05-30 11:00:00'},null,null);
INSERT INTO agenda (IDMACCHINA,DATAORAPREN,CODINTERNODONAT,NOTAPREN) VALUES (15,{ts '2016-05-31 13:00:00'},null,null);
INSERT INTO agenda (IDMACCHINA,DATAORAPREN,CODINTERNODONAT,NOTAPREN) VALUES (15,{ts '2016-05-31 15:00:00'},null,null);
INSERT INTO agenda (IDMACCHINA,DATAORAPREN,CODINTERNODONAT,NOTAPREN) VALUES (15,{ts '2016-06-02 09:00:00'},null,null);
INSERT INTO agenda (IDMACCHINA,DATAORAPREN,CODINTERNODONAT,NOTAPREN) VALUES (15,{ts '2016-06-03 09:00:00'},null,null);
INSERT INTO agenda (IDMACCHINA,DATAORAPREN,CODINTERNODONAT,NOTAPREN) VALUES (15,{ts '2016-06-03 12:00:00'},null,null);
INSERT INTO agenda (IDMACCHINA,DATAORAPREN,CODINTERNODONAT,NOTAPREN) VALUES (15,{ts '2016-06-04 09:00:00'},null,null);
INSERT INTO agenda (IDMACCHINA,DATAORAPREN,CODINTERNODONAT,NOTAPREN) VALUES (15,{ts '2016-06-06 09:00:00'},null,null);
INSERT INTO agenda (IDMACCHINA,DATAORAPREN,CODINTERNODONAT,NOTAPREN) VALUES (15,{ts '2016-06-06 11:00:00'},null,null);
INSERT INTO agenda (IDMACCHINA,DATAORAPREN,CODINTERNODONAT,NOTAPREN) VALUES (15,{ts '2016-06-07 13:00:00'},null,null);
INSERT INTO agenda (IDMACCHINA,DATAORAPREN,CODINTERNODONAT,NOTAPREN) VALUES (15,{ts '2016-06-07 15:00:00'},null,null);
INSERT INTO agenda (IDMACCHINA,DATAORAPREN,CODINTERNODONAT,NOTAPREN) VALUES (15,{ts '2016-06-09 09:00:00'},null,null);
INSERT INTO agenda (IDMACCHINA,DATAORAPREN,CODINTERNODONAT,NOTAPREN) VALUES (15,{ts '2016-06-10 09:00:00'},null,null);
INSERT INTO agenda (IDMACCHINA,DATAORAPREN,CODINTERNODONAT,NOTAPREN) VALUES (15,{ts '2016-06-10 12:00:00'},null,null);
INSERT INTO agenda (IDMACCHINA,DATAORAPREN,CODINTERNODONAT,NOTAPREN) VALUES (15,{ts '2016-06-11 09:00:00'},null,null);
INSERT INTO agenda (IDMACCHINA,DATAORAPREN,CODINTERNODONAT,NOTAPREN) VALUES (15,{ts '2016-06-13 09:00:00'},null,null);
INSERT INTO agenda (IDMACCHINA,DATAORAPREN,CODINTERNODONAT,NOTAPREN) VALUES (15,{ts '2016-06-13 11:00:00'},null,null);
INSERT INTO agenda (IDMACCHINA,DATAORAPREN,CODINTERNODONAT,NOTAPREN) VALUES (15,{ts '2016-06-14 13:00:00'},null,null);
INSERT INTO agenda (IDMACCHINA,DATAORAPREN,CODINTERNODONAT,NOTAPREN) VALUES (15,{ts '2016-06-14 15:00:00'},null,null);
INSERT INTO agenda (IDMACCHINA,DATAORAPREN,CODINTERNODONAT,NOTAPREN) VALUES (15,{ts '2016-06-16 09:00:00'},null,null);
INSERT INTO agenda (IDMACCHINA,DATAORAPREN,CODINTERNODONAT,NOTAPREN) VALUES (15,{ts '2016-06-17 09:00:00'},null,null);
INSERT INTO agenda (IDMACCHINA,DATAORAPREN,CODINTERNODONAT,NOTAPREN) VALUES (15,{ts '2016-06-17 12:00:00'},null,null);
INSERT INTO agenda (IDMACCHINA,DATAORAPREN,CODINTERNODONAT,NOTAPREN) VALUES (15,{ts '2016-06-18 09:00:00'},null,null);
INSERT INTO agenda (IDMACCHINA,DATAORAPREN,CODINTERNODONAT,NOTAPREN) VALUES (15,{ts '2016-06-20 09:00:00'},null,null);
INSERT INTO agenda (IDMACCHINA,DATAORAPREN,CODINTERNODONAT,NOTAPREN) VALUES (15,{ts '2016-06-20 11:00:00'},null,null);
INSERT INTO agenda (IDMACCHINA,DATAORAPREN,CODINTERNODONAT,NOTAPREN) VALUES (15,{ts '2016-06-21 13:00:00'},null,null);
INSERT INTO agenda (IDMACCHINA,DATAORAPREN,CODINTERNODONAT,NOTAPREN) VALUES (15,{ts '2016-06-21 15:00:00'},null,null);
INSERT INTO agenda (IDMACCHINA,DATAORAPREN,CODINTERNODONAT,NOTAPREN) VALUES (15,{ts '2016-06-23 09:00:00'},null,null);
INSERT INTO agenda (IDMACCHINA,DATAORAPREN,CODINTERNODONAT,NOTAPREN) VALUES (15,{ts '2016-06-24 09:00:00'},null,null);
INSERT INTO agenda (IDMACCHINA,DATAORAPREN,CODINTERNODONAT,NOTAPREN) VALUES (15,{ts '2016-06-24 12:00:00'},null,null);
INSERT INTO agenda (IDMACCHINA,DATAORAPREN,CODINTERNODONAT,NOTAPREN) VALUES (15,{ts '2016-06-25 09:00:00'},null,null);
INSERT INTO agenda (IDMACCHINA,DATAORAPREN,CODINTERNODONAT,NOTAPREN) VALUES (15,{ts '2016-06-27 09:00:00'},null,null);
INSERT INTO agenda (IDMACCHINA,DATAORAPREN,CODINTERNODONAT,NOTAPREN) VALUES (15,{ts '2016-06-27 11:00:00'},null,null);
INSERT INTO agenda (IDMACCHINA,DATAORAPREN,CODINTERNODONAT,NOTAPREN) VALUES (15,{ts '2016-06-28 13:00:00'},null,null);
INSERT INTO agenda (IDMACCHINA,DATAORAPREN,CODINTERNODONAT,NOTAPREN) VALUES (15,{ts '2016-06-28 15:00:00'},null,null);
INSERT INTO agenda (IDMACCHINA,DATAORAPREN,CODINTERNODONAT,NOTAPREN) VALUES (15,{ts '2016-06-30 09:00:00'},null,null);


INSERT INTO agenda (IDMACCHINA,DATAORAPREN,CODINTERNODONAT,NOTAPREN) VALUES (17,{ts '2016-04-19 09:00:00'},null,null);
INSERT INTO agenda (IDMACCHINA,DATAORAPREN,CODINTERNODONAT,NOTAPREN) VALUES (17,{ts '2016-04-19 10:00:00'},null,null);
INSERT INTO agenda (IDMACCHINA,DATAORAPREN,CODINTERNODONAT,NOTAPREN) VALUES (17,{ts '2016-04-19 11:33:00'},null,null);
INSERT INTO agenda (IDMACCHINA,DATAORAPREN,CODINTERNODONAT,NOTAPREN) VALUES (17,{ts '2016-04-20 08:00:00'},null,null);
INSERT INTO agenda (IDMACCHINA,DATAORAPREN,CODINTERNODONAT,NOTAPREN) VALUES (17,{ts '2016-04-20 09:00:00'},null,null);
INSERT INTO agenda (IDMACCHINA,DATAORAPREN,CODINTERNODONAT,NOTAPREN) VALUES (17,{ts '2016-04-20 10:00:00'},null,null);
INSERT INTO agenda (IDMACCHINA,DATAORAPREN,CODINTERNODONAT,NOTAPREN) VALUES (17,{ts '2016-04-22 09:00:00'},null,null);
INSERT INTO agenda (IDMACCHINA,DATAORAPREN,CODINTERNODONAT,NOTAPREN) VALUES (17,{ts '2016-04-22 09:35:00'},null,null);
INSERT INTO agenda (IDMACCHINA,DATAORAPREN,CODINTERNODONAT,NOTAPREN) VALUES (17,{ts '2016-04-22 11:15:00'},null,null);
INSERT INTO agenda (IDMACCHINA,DATAORAPREN,CODINTERNODONAT,NOTAPREN) VALUES (17,{ts '2016-04-23 08:00:00'},null,null);
INSERT INTO agenda (IDMACCHINA,DATAORAPREN,CODINTERNODONAT,NOTAPREN) VALUES (17,{ts '2016-04-23 08:30:00'},null,null);
INSERT INTO agenda (IDMACCHINA,DATAORAPREN,CODINTERNODONAT,NOTAPREN) VALUES (17,{ts '2016-04-23 09:00:00'},null,null);
INSERT INTO agenda (IDMACCHINA,DATAORAPREN,CODINTERNODONAT,NOTAPREN) VALUES (17,{ts '2016-04-25 09:00:00'},null,null);
INSERT INTO agenda (IDMACCHINA,DATAORAPREN,CODINTERNODONAT,NOTAPREN) VALUES (17,{ts '2016-04-25 09:10:00'},null,null);
INSERT INTO agenda (IDMACCHINA,DATAORAPREN,CODINTERNODONAT,NOTAPREN) VALUES (17,{ts '2016-04-25 09:20:00'},null,null);
INSERT INTO agenda (IDMACCHINA,DATAORAPREN,CODINTERNODONAT,NOTAPREN) VALUES (17,{ts '2016-04-25 09:30:00'},null,null);
INSERT INTO agenda (IDMACCHINA,DATAORAPREN,CODINTERNODONAT,NOTAPREN) VALUES (17,{ts '2016-04-25 10:00:00'},null,null);
INSERT INTO agenda (IDMACCHINA,DATAORAPREN,CODINTERNODONAT,NOTAPREN) VALUES (17,{ts '2016-04-25 11:00:00'},null,null);
INSERT INTO agenda (IDMACCHINA,DATAORAPREN,CODINTERNODONAT,NOTAPREN) VALUES (17,{ts '2016-04-26 09:00:00'},null,null);
INSERT INTO agenda (IDMACCHINA,DATAORAPREN,CODINTERNODONAT,NOTAPREN) VALUES (17,{ts '2016-04-26 10:00:00'},null,null);
INSERT INTO agenda (IDMACCHINA,DATAORAPREN,CODINTERNODONAT,NOTAPREN) VALUES (17,{ts '2016-04-26 11:33:00'},null,null);
INSERT INTO agenda (IDMACCHINA,DATAORAPREN,CODINTERNODONAT,NOTAPREN) VALUES (17,{ts '2016-04-27 08:00:00'},null,null);
INSERT INTO agenda (IDMACCHINA,DATAORAPREN,CODINTERNODONAT,NOTAPREN) VALUES (17,{ts '2016-04-27 09:00:00'},null,null);
INSERT INTO agenda (IDMACCHINA,DATAORAPREN,CODINTERNODONAT,NOTAPREN) VALUES (17,{ts '2016-04-27 10:00:00'},null,null);
INSERT INTO agenda (IDMACCHINA,DATAORAPREN,CODINTERNODONAT,NOTAPREN) VALUES (17,{ts '2016-04-29 09:00:00'},null,null);
INSERT INTO agenda (IDMACCHINA,DATAORAPREN,CODINTERNODONAT,NOTAPREN) VALUES (17,{ts '2016-04-29 09:35:00'},null,null);
INSERT INTO agenda (IDMACCHINA,DATAORAPREN,CODINTERNODONAT,NOTAPREN) VALUES (17,{ts '2016-04-29 11:15:00'},null,null);
INSERT INTO agenda (IDMACCHINA,DATAORAPREN,CODINTERNODONAT,NOTAPREN) VALUES (17,{ts '2016-04-30 08:00:00'},null,null);
INSERT INTO agenda (IDMACCHINA,DATAORAPREN,CODINTERNODONAT,NOTAPREN) VALUES (17,{ts '2016-04-30 08:30:00'},null,null);
INSERT INTO agenda (IDMACCHINA,DATAORAPREN,CODINTERNODONAT,NOTAPREN) VALUES (17,{ts '2016-04-30 09:00:00'},null,null);
INSERT INTO agenda (IDMACCHINA,DATAORAPREN,CODINTERNODONAT,NOTAPREN) VALUES (17,{ts '2016-05-02 09:00:00'},null,null);
INSERT INTO agenda (IDMACCHINA,DATAORAPREN,CODINTERNODONAT,NOTAPREN) VALUES (17,{ts '2016-05-02 09:10:00'},null,null);
INSERT INTO agenda (IDMACCHINA,DATAORAPREN,CODINTERNODONAT,NOTAPREN) VALUES (17,{ts '2016-05-02 09:20:00'},null,null);
INSERT INTO agenda (IDMACCHINA,DATAORAPREN,CODINTERNODONAT,NOTAPREN) VALUES (17,{ts '2016-05-02 09:30:00'},null,null);
INSERT INTO agenda (IDMACCHINA,DATAORAPREN,CODINTERNODONAT,NOTAPREN) VALUES (17,{ts '2016-05-02 10:00:00'},null,null);
INSERT INTO agenda (IDMACCHINA,DATAORAPREN,CODINTERNODONAT,NOTAPREN) VALUES (17,{ts '2016-05-02 11:00:00'},null,null);
INSERT INTO agenda (IDMACCHINA,DATAORAPREN,CODINTERNODONAT,NOTAPREN) VALUES (17,{ts '2016-05-03 09:00:00'},null,null);
INSERT INTO agenda (IDMACCHINA,DATAORAPREN,CODINTERNODONAT,NOTAPREN) VALUES (17,{ts '2016-05-03 10:00:00'},null,null);
INSERT INTO agenda (IDMACCHINA,DATAORAPREN,CODINTERNODONAT,NOTAPREN) VALUES (17,{ts '2016-05-03 11:33:00'},null,null);
INSERT INTO agenda (IDMACCHINA,DATAORAPREN,CODINTERNODONAT,NOTAPREN) VALUES (17,{ts '2016-05-04 08:00:00'},null,null);
INSERT INTO agenda (IDMACCHINA,DATAORAPREN,CODINTERNODONAT,NOTAPREN) VALUES (17,{ts '2016-05-04 09:00:00'},null,null);
INSERT INTO agenda (IDMACCHINA,DATAORAPREN,CODINTERNODONAT,NOTAPREN) VALUES (17,{ts '2016-05-04 10:00:00'},null,null);
INSERT INTO agenda (IDMACCHINA,DATAORAPREN,CODINTERNODONAT,NOTAPREN) VALUES (17,{ts '2016-05-06 09:00:00'},null,null);
INSERT INTO agenda (IDMACCHINA,DATAORAPREN,CODINTERNODONAT,NOTAPREN) VALUES (17,{ts '2016-05-06 09:35:00'},null,null);
INSERT INTO agenda (IDMACCHINA,DATAORAPREN,CODINTERNODONAT,NOTAPREN) VALUES (17,{ts '2016-05-06 11:15:00'},null,null);
INSERT INTO agenda (IDMACCHINA,DATAORAPREN,CODINTERNODONAT,NOTAPREN) VALUES (17,{ts '2016-05-07 08:00:00'},null,null);
INSERT INTO agenda (IDMACCHINA,DATAORAPREN,CODINTERNODONAT,NOTAPREN) VALUES (17,{ts '2016-05-07 08:30:00'},null,null);
INSERT INTO agenda (IDMACCHINA,DATAORAPREN,CODINTERNODONAT,NOTAPREN) VALUES (17,{ts '2016-05-07 09:00:00'},null,null);
INSERT INTO agenda (IDMACCHINA,DATAORAPREN,CODINTERNODONAT,NOTAPREN) VALUES (17,{ts '2016-05-09 09:00:00'},null,null);
INSERT INTO agenda (IDMACCHINA,DATAORAPREN,CODINTERNODONAT,NOTAPREN) VALUES (17,{ts '2016-05-09 09:10:00'},null,null);
INSERT INTO agenda (IDMACCHINA,DATAORAPREN,CODINTERNODONAT,NOTAPREN) VALUES (17,{ts '2016-05-09 09:20:00'},null,null);
INSERT INTO agenda (IDMACCHINA,DATAORAPREN,CODINTERNODONAT,NOTAPREN) VALUES (17,{ts '2016-05-09 09:30:00'},null,null);
INSERT INTO agenda (IDMACCHINA,DATAORAPREN,CODINTERNODONAT,NOTAPREN) VALUES (17,{ts '2016-05-09 10:00:00'},null,null);
INSERT INTO agenda (IDMACCHINA,DATAORAPREN,CODINTERNODONAT,NOTAPREN) VALUES (17,{ts '2016-05-09 11:00:00'},null,null);
INSERT INTO agenda (IDMACCHINA,DATAORAPREN,CODINTERNODONAT,NOTAPREN) VALUES (17,{ts '2016-05-10 09:00:00'},null,null);
INSERT INTO agenda (IDMACCHINA,DATAORAPREN,CODINTERNODONAT,NOTAPREN) VALUES (17,{ts '2016-05-10 10:00:00'},null,null);
INSERT INTO agenda (IDMACCHINA,DATAORAPREN,CODINTERNODONAT,NOTAPREN) VALUES (17,{ts '2016-05-10 11:33:00'},null,null);
INSERT INTO agenda (IDMACCHINA,DATAORAPREN,CODINTERNODONAT,NOTAPREN) VALUES (17,{ts '2016-05-11 08:00:00'},null,null);
INSERT INTO agenda (IDMACCHINA,DATAORAPREN,CODINTERNODONAT,NOTAPREN) VALUES (17,{ts '2016-05-11 09:00:00'},null,null);
INSERT INTO agenda (IDMACCHINA,DATAORAPREN,CODINTERNODONAT,NOTAPREN) VALUES (17,{ts '2016-05-11 10:00:00'},null,null);
INSERT INTO agenda (IDMACCHINA,DATAORAPREN,CODINTERNODONAT,NOTAPREN) VALUES (17,{ts '2016-05-13 09:00:00'},null,null);
INSERT INTO agenda (IDMACCHINA,DATAORAPREN,CODINTERNODONAT,NOTAPREN) VALUES (17,{ts '2016-05-13 09:35:00'},null,null);
INSERT INTO agenda (IDMACCHINA,DATAORAPREN,CODINTERNODONAT,NOTAPREN) VALUES (17,{ts '2016-05-13 11:15:00'},null,null);
INSERT INTO agenda (IDMACCHINA,DATAORAPREN,CODINTERNODONAT,NOTAPREN) VALUES (17,{ts '2016-05-14 08:00:00'},null,null);
INSERT INTO agenda (IDMACCHINA,DATAORAPREN,CODINTERNODONAT,NOTAPREN) VALUES (17,{ts '2016-05-14 08:30:00'},null,null);
INSERT INTO agenda (IDMACCHINA,DATAORAPREN,CODINTERNODONAT,NOTAPREN) VALUES (17,{ts '2016-05-14 09:00:00'},null,null);
INSERT INTO agenda (IDMACCHINA,DATAORAPREN,CODINTERNODONAT,NOTAPREN) VALUES (17,{ts '2016-05-16 09:00:00'},null,null);
INSERT INTO agenda (IDMACCHINA,DATAORAPREN,CODINTERNODONAT,NOTAPREN) VALUES (17,{ts '2016-05-16 09:10:00'},null,null);
INSERT INTO agenda (IDMACCHINA,DATAORAPREN,CODINTERNODONAT,NOTAPREN) VALUES (17,{ts '2016-05-16 09:20:00'},null,null);
INSERT INTO agenda (IDMACCHINA,DATAORAPREN,CODINTERNODONAT,NOTAPREN) VALUES (17,{ts '2016-05-16 09:30:00'},null,null);
INSERT INTO agenda (IDMACCHINA,DATAORAPREN,CODINTERNODONAT,NOTAPREN) VALUES (17,{ts '2016-05-16 10:00:00'},null,null);
INSERT INTO agenda (IDMACCHINA,DATAORAPREN,CODINTERNODONAT,NOTAPREN) VALUES (17,{ts '2016-05-16 11:00:00'},null,null);
INSERT INTO agenda (IDMACCHINA,DATAORAPREN,CODINTERNODONAT,NOTAPREN) VALUES (17,{ts '2016-05-17 09:00:00'},null,null);
INSERT INTO agenda (IDMACCHINA,DATAORAPREN,CODINTERNODONAT,NOTAPREN) VALUES (17,{ts '2016-05-17 10:00:00'},null,null);
INSERT INTO agenda (IDMACCHINA,DATAORAPREN,CODINTERNODONAT,NOTAPREN) VALUES (17,{ts '2016-05-17 11:33:00'},null,null);
INSERT INTO agenda (IDMACCHINA,DATAORAPREN,CODINTERNODONAT,NOTAPREN) VALUES (17,{ts '2016-05-18 08:00:00'},null,null);
INSERT INTO agenda (IDMACCHINA,DATAORAPREN,CODINTERNODONAT,NOTAPREN) VALUES (17,{ts '2016-05-18 09:00:00'},null,null);
INSERT INTO agenda (IDMACCHINA,DATAORAPREN,CODINTERNODONAT,NOTAPREN) VALUES (17,{ts '2016-05-18 10:00:00'},null,null);
INSERT INTO agenda (IDMACCHINA,DATAORAPREN,CODINTERNODONAT,NOTAPREN) VALUES (17,{ts '2016-05-20 09:00:00'},null,null);
INSERT INTO agenda (IDMACCHINA,DATAORAPREN,CODINTERNODONAT,NOTAPREN) VALUES (17,{ts '2016-05-20 09:35:00'},null,null);
INSERT INTO agenda (IDMACCHINA,DATAORAPREN,CODINTERNODONAT,NOTAPREN) VALUES (17,{ts '2016-05-20 11:15:00'},null,null);
INSERT INTO agenda (IDMACCHINA,DATAORAPREN,CODINTERNODONAT,NOTAPREN) VALUES (17,{ts '2016-05-21 08:00:00'},null,null);
INSERT INTO agenda (IDMACCHINA,DATAORAPREN,CODINTERNODONAT,NOTAPREN) VALUES (17,{ts '2016-05-21 08:30:00'},null,null);
INSERT INTO agenda (IDMACCHINA,DATAORAPREN,CODINTERNODONAT,NOTAPREN) VALUES (17,{ts '2016-05-21 09:00:00'},null,null);
INSERT INTO agenda (IDMACCHINA,DATAORAPREN,CODINTERNODONAT,NOTAPREN) VALUES (17,{ts '2016-05-23 09:00:00'},null,null);
INSERT INTO agenda (IDMACCHINA,DATAORAPREN,CODINTERNODONAT,NOTAPREN) VALUES (17,{ts '2016-05-23 09:10:00'},null,null);
INSERT INTO agenda (IDMACCHINA,DATAORAPREN,CODINTERNODONAT,NOTAPREN) VALUES (17,{ts '2016-05-23 09:20:00'},null,null);
INSERT INTO agenda (IDMACCHINA,DATAORAPREN,CODINTERNODONAT,NOTAPREN) VALUES (17,{ts '2016-05-23 09:30:00'},null,null);
INSERT INTO agenda (IDMACCHINA,DATAORAPREN,CODINTERNODONAT,NOTAPREN) VALUES (17,{ts '2016-05-23 10:00:00'},null,null);
INSERT INTO agenda (IDMACCHINA,DATAORAPREN,CODINTERNODONAT,NOTAPREN) VALUES (17,{ts '2016-05-23 11:00:00'},null,null);
INSERT INTO agenda (IDMACCHINA,DATAORAPREN,CODINTERNODONAT,NOTAPREN) VALUES (17,{ts '2016-05-24 09:00:00'},null,null);
INSERT INTO agenda (IDMACCHINA,DATAORAPREN,CODINTERNODONAT,NOTAPREN) VALUES (17,{ts '2016-05-24 10:00:00'},null,null);
INSERT INTO agenda (IDMACCHINA,DATAORAPREN,CODINTERNODONAT,NOTAPREN) VALUES (17,{ts '2016-05-24 11:33:00'},null,null);
INSERT INTO agenda (IDMACCHINA,DATAORAPREN,CODINTERNODONAT,NOTAPREN) VALUES (17,{ts '2016-05-25 08:00:00'},null,null);
INSERT INTO agenda (IDMACCHINA,DATAORAPREN,CODINTERNODONAT,NOTAPREN) VALUES (17,{ts '2016-05-25 09:00:00'},null,null);
INSERT INTO agenda (IDMACCHINA,DATAORAPREN,CODINTERNODONAT,NOTAPREN) VALUES (17,{ts '2016-05-25 10:00:00'},null,null);
INSERT INTO agenda (IDMACCHINA,DATAORAPREN,CODINTERNODONAT,NOTAPREN) VALUES (17,{ts '2016-05-27 09:00:00'},null,null);
INSERT INTO agenda (IDMACCHINA,DATAORAPREN,CODINTERNODONAT,NOTAPREN) VALUES (17,{ts '2016-05-27 09:35:00'},null,null);
INSERT INTO agenda (IDMACCHINA,DATAORAPREN,CODINTERNODONAT,NOTAPREN) VALUES (17,{ts '2016-05-27 11:15:00'},null,null);
INSERT INTO agenda (IDMACCHINA,DATAORAPREN,CODINTERNODONAT,NOTAPREN) VALUES (17,{ts '2016-05-28 08:00:00'},null,null);
INSERT INTO agenda (IDMACCHINA,DATAORAPREN,CODINTERNODONAT,NOTAPREN) VALUES (17,{ts '2016-05-28 08:30:00'},null,null);
INSERT INTO agenda (IDMACCHINA,DATAORAPREN,CODINTERNODONAT,NOTAPREN) VALUES (17,{ts '2016-05-28 09:00:00'},null,null);
INSERT INTO agenda (IDMACCHINA,DATAORAPREN,CODINTERNODONAT,NOTAPREN) VALUES (17,{ts '2016-05-30 09:00:00'},null,null);
INSERT INTO agenda (IDMACCHINA,DATAORAPREN,CODINTERNODONAT,NOTAPREN) VALUES (17,{ts '2016-05-30 09:10:00'},null,null);
INSERT INTO agenda (IDMACCHINA,DATAORAPREN,CODINTERNODONAT,NOTAPREN) VALUES (17,{ts '2016-05-30 09:20:00'},null,null);
INSERT INTO agenda (IDMACCHINA,DATAORAPREN,CODINTERNODONAT,NOTAPREN) VALUES (17,{ts '2016-05-30 09:30:00'},null,null);
INSERT INTO agenda (IDMACCHINA,DATAORAPREN,CODINTERNODONAT,NOTAPREN) VALUES (17,{ts '2016-05-30 10:00:00'},null,null);
INSERT INTO agenda (IDMACCHINA,DATAORAPREN,CODINTERNODONAT,NOTAPREN) VALUES (17,{ts '2016-05-30 11:00:00'},null,null);
INSERT INTO agenda (IDMACCHINA,DATAORAPREN,CODINTERNODONAT,NOTAPREN) VALUES (17,{ts '2016-05-31 09:00:00'},null,null);
INSERT INTO agenda (IDMACCHINA,DATAORAPREN,CODINTERNODONAT,NOTAPREN) VALUES (17,{ts '2016-05-31 10:00:00'},null,null);
INSERT INTO agenda (IDMACCHINA,DATAORAPREN,CODINTERNODONAT,NOTAPREN) VALUES (17,{ts '2016-05-31 11:33:00'},null,null);
INSERT INTO agenda (IDMACCHINA,DATAORAPREN,CODINTERNODONAT,NOTAPREN) VALUES (17,{ts '2016-06-01 08:00:00'},null,null);
INSERT INTO agenda (IDMACCHINA,DATAORAPREN,CODINTERNODONAT,NOTAPREN) VALUES (17,{ts '2016-06-01 09:00:00'},null,null);
INSERT INTO agenda (IDMACCHINA,DATAORAPREN,CODINTERNODONAT,NOTAPREN) VALUES (17,{ts '2016-06-01 10:00:00'},null,null);
INSERT INTO agenda (IDMACCHINA,DATAORAPREN,CODINTERNODONAT,NOTAPREN) VALUES (17,{ts '2016-06-03 09:00:00'},null,null);
INSERT INTO agenda (IDMACCHINA,DATAORAPREN,CODINTERNODONAT,NOTAPREN) VALUES (17,{ts '2016-06-03 09:35:00'},null,null);
INSERT INTO agenda (IDMACCHINA,DATAORAPREN,CODINTERNODONAT,NOTAPREN) VALUES (17,{ts '2016-06-03 11:15:00'},null,null);
INSERT INTO agenda (IDMACCHINA,DATAORAPREN,CODINTERNODONAT,NOTAPREN) VALUES (17,{ts '2016-06-04 08:00:00'},null,null);
INSERT INTO agenda (IDMACCHINA,DATAORAPREN,CODINTERNODONAT,NOTAPREN) VALUES (17,{ts '2016-06-04 08:30:00'},null,null);
INSERT INTO agenda (IDMACCHINA,DATAORAPREN,CODINTERNODONAT,NOTAPREN) VALUES (17,{ts '2016-06-04 09:00:00'},null,null);
INSERT INTO agenda (IDMACCHINA,DATAORAPREN,CODINTERNODONAT,NOTAPREN) VALUES (17,{ts '2016-06-06 09:00:00'},null,null);
INSERT INTO agenda (IDMACCHINA,DATAORAPREN,CODINTERNODONAT,NOTAPREN) VALUES (17,{ts '2016-06-06 09:10:00'},null,null);
INSERT INTO agenda (IDMACCHINA,DATAORAPREN,CODINTERNODONAT,NOTAPREN) VALUES (17,{ts '2016-06-06 09:20:00'},null,null);
INSERT INTO agenda (IDMACCHINA,DATAORAPREN,CODINTERNODONAT,NOTAPREN) VALUES (17,{ts '2016-06-06 09:30:00'},null,null);
INSERT INTO agenda (IDMACCHINA,DATAORAPREN,CODINTERNODONAT,NOTAPREN) VALUES (17,{ts '2016-06-06 10:00:00'},null,null);
INSERT INTO agenda (IDMACCHINA,DATAORAPREN,CODINTERNODONAT,NOTAPREN) VALUES (17,{ts '2016-06-06 11:00:00'},null,null);
INSERT INTO agenda (IDMACCHINA,DATAORAPREN,CODINTERNODONAT,NOTAPREN) VALUES (17,{ts '2016-06-07 09:00:00'},null,null);
INSERT INTO agenda (IDMACCHINA,DATAORAPREN,CODINTERNODONAT,NOTAPREN) VALUES (17,{ts '2016-06-07 10:00:00'},null,null);
INSERT INTO agenda (IDMACCHINA,DATAORAPREN,CODINTERNODONAT,NOTAPREN) VALUES (17,{ts '2016-06-07 11:33:00'},null,null);
INSERT INTO agenda (IDMACCHINA,DATAORAPREN,CODINTERNODONAT,NOTAPREN) VALUES (17,{ts '2016-06-08 08:00:00'},null,null);
INSERT INTO agenda (IDMACCHINA,DATAORAPREN,CODINTERNODONAT,NOTAPREN) VALUES (17,{ts '2016-06-08 09:00:00'},null,null);
INSERT INTO agenda (IDMACCHINA,DATAORAPREN,CODINTERNODONAT,NOTAPREN) VALUES (17,{ts '2016-06-08 10:00:00'},null,null);
INSERT INTO agenda (IDMACCHINA,DATAORAPREN,CODINTERNODONAT,NOTAPREN) VALUES (17,{ts '2016-06-10 09:00:00'},null,null);
INSERT INTO agenda (IDMACCHINA,DATAORAPREN,CODINTERNODONAT,NOTAPREN) VALUES (17,{ts '2016-06-10 09:35:00'},null,null);
INSERT INTO agenda (IDMACCHINA,DATAORAPREN,CODINTERNODONAT,NOTAPREN) VALUES (17,{ts '2016-06-10 11:15:00'},null,null);
INSERT INTO agenda (IDMACCHINA,DATAORAPREN,CODINTERNODONAT,NOTAPREN) VALUES (17,{ts '2016-06-11 08:00:00'},null,null);
INSERT INTO agenda (IDMACCHINA,DATAORAPREN,CODINTERNODONAT,NOTAPREN) VALUES (17,{ts '2016-06-11 08:30:00'},null,null);
INSERT INTO agenda (IDMACCHINA,DATAORAPREN,CODINTERNODONAT,NOTAPREN) VALUES (17,{ts '2016-06-11 09:00:00'},null,null);
INSERT INTO agenda (IDMACCHINA,DATAORAPREN,CODINTERNODONAT,NOTAPREN) VALUES (17,{ts '2016-06-13 09:00:00'},null,null);
INSERT INTO agenda (IDMACCHINA,DATAORAPREN,CODINTERNODONAT,NOTAPREN) VALUES (17,{ts '2016-06-13 09:10:00'},null,null);
INSERT INTO agenda (IDMACCHINA,DATAORAPREN,CODINTERNODONAT,NOTAPREN) VALUES (17,{ts '2016-06-13 09:20:00'},null,null);
INSERT INTO agenda (IDMACCHINA,DATAORAPREN,CODINTERNODONAT,NOTAPREN) VALUES (17,{ts '2016-06-13 09:30:00'},null,null);
INSERT INTO agenda (IDMACCHINA,DATAORAPREN,CODINTERNODONAT,NOTAPREN) VALUES (17,{ts '2016-06-13 10:00:00'},null,null);
INSERT INTO agenda (IDMACCHINA,DATAORAPREN,CODINTERNODONAT,NOTAPREN) VALUES (17,{ts '2016-06-13 11:00:00'},null,null);
INSERT INTO agenda (IDMACCHINA,DATAORAPREN,CODINTERNODONAT,NOTAPREN) VALUES (17,{ts '2016-06-14 09:00:00'},null,null);
INSERT INTO agenda (IDMACCHINA,DATAORAPREN,CODINTERNODONAT,NOTAPREN) VALUES (17,{ts '2016-06-14 10:00:00'},null,null);
INSERT INTO agenda (IDMACCHINA,DATAORAPREN,CODINTERNODONAT,NOTAPREN) VALUES (17,{ts '2016-06-14 11:33:00'},null,null);
INSERT INTO agenda (IDMACCHINA,DATAORAPREN,CODINTERNODONAT,NOTAPREN) VALUES (17,{ts '2016-06-15 08:00:00'},null,null);
INSERT INTO agenda (IDMACCHINA,DATAORAPREN,CODINTERNODONAT,NOTAPREN) VALUES (17,{ts '2016-06-15 09:00:00'},null,null);
INSERT INTO agenda (IDMACCHINA,DATAORAPREN,CODINTERNODONAT,NOTAPREN) VALUES (17,{ts '2016-06-15 10:00:00'},null,null);
INSERT INTO agenda (IDMACCHINA,DATAORAPREN,CODINTERNODONAT,NOTAPREN) VALUES (17,{ts '2016-06-17 09:00:00'},null,null);
INSERT INTO agenda (IDMACCHINA,DATAORAPREN,CODINTERNODONAT,NOTAPREN) VALUES (17,{ts '2016-06-17 09:35:00'},null,null);
INSERT INTO agenda (IDMACCHINA,DATAORAPREN,CODINTERNODONAT,NOTAPREN) VALUES (17,{ts '2016-06-17 11:15:00'},null,null);
INSERT INTO agenda (IDMACCHINA,DATAORAPREN,CODINTERNODONAT,NOTAPREN) VALUES (17,{ts '2016-06-18 08:00:00'},null,null);
INSERT INTO agenda (IDMACCHINA,DATAORAPREN,CODINTERNODONAT,NOTAPREN) VALUES (17,{ts '2016-06-18 08:30:00'},null,null);
INSERT INTO agenda (IDMACCHINA,DATAORAPREN,CODINTERNODONAT,NOTAPREN) VALUES (17,{ts '2016-06-18 09:00:00'},null,null);
INSERT INTO agenda (IDMACCHINA,DATAORAPREN,CODINTERNODONAT,NOTAPREN) VALUES (17,{ts '2016-06-20 09:00:00'},null,null);
INSERT INTO agenda (IDMACCHINA,DATAORAPREN,CODINTERNODONAT,NOTAPREN) VALUES (17,{ts '2016-06-20 09:10:00'},null,null);
INSERT INTO agenda (IDMACCHINA,DATAORAPREN,CODINTERNODONAT,NOTAPREN) VALUES (17,{ts '2016-06-20 09:20:00'},null,null);
INSERT INTO agenda (IDMACCHINA,DATAORAPREN,CODINTERNODONAT,NOTAPREN) VALUES (17,{ts '2016-06-20 09:30:00'},null,null);
INSERT INTO agenda (IDMACCHINA,DATAORAPREN,CODINTERNODONAT,NOTAPREN) VALUES (17,{ts '2016-06-20 10:00:00'},null,null);
INSERT INTO agenda (IDMACCHINA,DATAORAPREN,CODINTERNODONAT,NOTAPREN) VALUES (17,{ts '2016-06-20 11:00:00'},null,null);
INSERT INTO agenda (IDMACCHINA,DATAORAPREN,CODINTERNODONAT,NOTAPREN) VALUES (17,{ts '2016-06-21 09:00:00'},null,null);
INSERT INTO agenda (IDMACCHINA,DATAORAPREN,CODINTERNODONAT,NOTAPREN) VALUES (17,{ts '2016-06-21 10:00:00'},null,null);
INSERT INTO agenda (IDMACCHINA,DATAORAPREN,CODINTERNODONAT,NOTAPREN) VALUES (17,{ts '2016-06-21 11:33:00'},null,null);
INSERT INTO agenda (IDMACCHINA,DATAORAPREN,CODINTERNODONAT,NOTAPREN) VALUES (17,{ts '2016-06-22 08:00:00'},null,null);
INSERT INTO agenda (IDMACCHINA,DATAORAPREN,CODINTERNODONAT,NOTAPREN) VALUES (17,{ts '2016-06-22 09:00:00'},null,null);
INSERT INTO agenda (IDMACCHINA,DATAORAPREN,CODINTERNODONAT,NOTAPREN) VALUES (17,{ts '2016-06-22 10:00:00'},null,null);
INSERT INTO agenda (IDMACCHINA,DATAORAPREN,CODINTERNODONAT,NOTAPREN) VALUES (17,{ts '2016-06-24 09:00:00'},null,null);
INSERT INTO agenda (IDMACCHINA,DATAORAPREN,CODINTERNODONAT,NOTAPREN) VALUES (17,{ts '2016-06-24 09:35:00'},null,null);
INSERT INTO agenda (IDMACCHINA,DATAORAPREN,CODINTERNODONAT,NOTAPREN) VALUES (17,{ts '2016-06-24 11:15:00'},null,null);
INSERT INTO agenda (IDMACCHINA,DATAORAPREN,CODINTERNODONAT,NOTAPREN) VALUES (17,{ts '2016-06-25 08:00:00'},null,null);
INSERT INTO agenda (IDMACCHINA,DATAORAPREN,CODINTERNODONAT,NOTAPREN) VALUES (17,{ts '2016-06-25 08:30:00'},null,null);
INSERT INTO agenda (IDMACCHINA,DATAORAPREN,CODINTERNODONAT,NOTAPREN) VALUES (17,{ts '2016-06-25 09:00:00'},null,null);
INSERT INTO agenda (IDMACCHINA,DATAORAPREN,CODINTERNODONAT,NOTAPREN) VALUES (17,{ts '2016-06-27 09:00:00'},null,null);
INSERT INTO agenda (IDMACCHINA,DATAORAPREN,CODINTERNODONAT,NOTAPREN) VALUES (17,{ts '2016-06-27 09:10:00'},null,null);
INSERT INTO agenda (IDMACCHINA,DATAORAPREN,CODINTERNODONAT,NOTAPREN) VALUES (17,{ts '2016-06-27 09:20:00'},null,null);
INSERT INTO agenda (IDMACCHINA,DATAORAPREN,CODINTERNODONAT,NOTAPREN) VALUES (17,{ts '2016-06-27 09:30:00'},null,null);
INSERT INTO agenda (IDMACCHINA,DATAORAPREN,CODINTERNODONAT,NOTAPREN) VALUES (17,{ts '2016-06-27 10:00:00'},null,null);
INSERT INTO agenda (IDMACCHINA,DATAORAPREN,CODINTERNODONAT,NOTAPREN) VALUES (17,{ts '2016-06-27 11:00:00'},null,null);
INSERT INTO agenda (IDMACCHINA,DATAORAPREN,CODINTERNODONAT,NOTAPREN) VALUES (17,{ts '2016-06-28 09:00:00'},null,null);
INSERT INTO agenda (IDMACCHINA,DATAORAPREN,CODINTERNODONAT,NOTAPREN) VALUES (17,{ts '2016-06-28 10:00:00'},null,null);
INSERT INTO agenda (IDMACCHINA,DATAORAPREN,CODINTERNODONAT,NOTAPREN) VALUES (17,{ts '2016-06-28 11:33:00'},null,null);
INSERT INTO agenda (IDMACCHINA,DATAORAPREN,CODINTERNODONAT,NOTAPREN) VALUES (17,{ts '2016-06-29 08:00:00'},null,null);
INSERT INTO agenda (IDMACCHINA,DATAORAPREN,CODINTERNODONAT,NOTAPREN) VALUES (17,{ts '2016-06-29 09:00:00'},null,null);
INSERT INTO agenda (IDMACCHINA,DATAORAPREN,CODINTERNODONAT,NOTAPREN) VALUES (17,{ts '2016-06-29 10:00:00'},null,null);

INSERT INTO agenda (IDMACCHINA,DATAORAPREN,CODINTERNODONAT,NOTAPREN) VALUES (20,{ts '2016-04-20 09:00:00'},null,null);
INSERT INTO agenda (IDMACCHINA,DATAORAPREN,CODINTERNODONAT,NOTAPREN) VALUES (20,{ts '2016-04-20 09:30:00'},'0013152765',null);
INSERT INTO agenda (IDMACCHINA,DATAORAPREN,CODINTERNODONAT,NOTAPREN) VALUES (20,{ts '2016-04-20 10:00:00'},'0005412765',null);
INSERT INTO agenda (IDMACCHINA,DATAORAPREN,CODINTERNODONAT,NOTAPREN) VALUES (20,{ts '2016-04-20 10:30:00'},null,null);
INSERT INTO agenda (IDMACCHINA,DATAORAPREN,CODINTERNODONAT,NOTAPREN) VALUES (20,{ts '2016-04-24 09:00:00'},null,null);
INSERT INTO agenda (IDMACCHINA,DATAORAPREN,CODINTERNODONAT,NOTAPREN) VALUES (20,{ts '2016-04-24 11:00:00'},null,null);
INSERT INTO agenda (IDMACCHINA,DATAORAPREN,CODINTERNODONAT,NOTAPREN) VALUES (20,{ts '2016-04-25 10:00:00'},null,null);
INSERT INTO agenda (IDMACCHINA,DATAORAPREN,CODINTERNODONAT,NOTAPREN) VALUES (20,{ts '2016-04-27 09:00:00'},null,null);
INSERT INTO agenda (IDMACCHINA,DATAORAPREN,CODINTERNODONAT,NOTAPREN) VALUES (20,{ts '2016-04-27 09:30:00'},null,null);
INSERT INTO agenda (IDMACCHINA,DATAORAPREN,CODINTERNODONAT,NOTAPREN) VALUES (20,{ts '2016-04-27 10:00:00'},null,null);
INSERT INTO agenda (IDMACCHINA,DATAORAPREN,CODINTERNODONAT,NOTAPREN) VALUES (20,{ts '2016-04-27 10:30:00'},null,null);
INSERT INTO agenda (IDMACCHINA,DATAORAPREN,CODINTERNODONAT,NOTAPREN) VALUES (20,{ts '2016-05-01 09:00:00'},null,null);
INSERT INTO agenda (IDMACCHINA,DATAORAPREN,CODINTERNODONAT,NOTAPREN) VALUES (20,{ts '2016-05-01 11:00:00'},null,null);
INSERT INTO agenda (IDMACCHINA,DATAORAPREN,CODINTERNODONAT,NOTAPREN) VALUES (20,{ts '2016-05-02 10:00:00'},null,null);
INSERT INTO agenda (IDMACCHINA,DATAORAPREN,CODINTERNODONAT,NOTAPREN) VALUES (20,{ts '2016-05-04 09:00:00'},null,null);
INSERT INTO agenda (IDMACCHINA,DATAORAPREN,CODINTERNODONAT,NOTAPREN) VALUES (20,{ts '2016-05-04 09:30:00'},null,null);
INSERT INTO agenda (IDMACCHINA,DATAORAPREN,CODINTERNODONAT,NOTAPREN) VALUES (20,{ts '2016-05-04 10:00:00'},null,null);
INSERT INTO agenda (IDMACCHINA,DATAORAPREN,CODINTERNODONAT,NOTAPREN) VALUES (20,{ts '2016-05-04 10:30:00'},null,null);
INSERT INTO agenda (IDMACCHINA,DATAORAPREN,CODINTERNODONAT,NOTAPREN) VALUES (20,{ts '2016-05-08 09:00:00'},null,null);
INSERT INTO agenda (IDMACCHINA,DATAORAPREN,CODINTERNODONAT,NOTAPREN) VALUES (20,{ts '2016-05-08 11:00:00'},null,null);
INSERT INTO agenda (IDMACCHINA,DATAORAPREN,CODINTERNODONAT,NOTAPREN) VALUES (20,{ts '2016-05-09 10:00:00'},null,null);
INSERT INTO agenda (IDMACCHINA,DATAORAPREN,CODINTERNODONAT,NOTAPREN) VALUES (20,{ts '2016-05-11 09:00:00'},null,null);
INSERT INTO agenda (IDMACCHINA,DATAORAPREN,CODINTERNODONAT,NOTAPREN) VALUES (20,{ts '2016-05-11 09:30:00'},null,null);
INSERT INTO agenda (IDMACCHINA,DATAORAPREN,CODINTERNODONAT,NOTAPREN) VALUES (20,{ts '2016-05-11 10:00:00'},null,null);
INSERT INTO agenda (IDMACCHINA,DATAORAPREN,CODINTERNODONAT,NOTAPREN) VALUES (20,{ts '2016-05-11 10:30:00'},null,null);
INSERT INTO agenda (IDMACCHINA,DATAORAPREN,CODINTERNODONAT,NOTAPREN) VALUES (20,{ts '2016-05-15 09:00:00'},null,null);
INSERT INTO agenda (IDMACCHINA,DATAORAPREN,CODINTERNODONAT,NOTAPREN) VALUES (20,{ts '2016-05-15 11:00:00'},null,null);
INSERT INTO agenda (IDMACCHINA,DATAORAPREN,CODINTERNODONAT,NOTAPREN) VALUES (20,{ts '2016-05-16 10:00:00'},null,null);
INSERT INTO agenda (IDMACCHINA,DATAORAPREN,CODINTERNODONAT,NOTAPREN) VALUES (20,{ts '2016-05-18 09:00:00'},null,null);
INSERT INTO agenda (IDMACCHINA,DATAORAPREN,CODINTERNODONAT,NOTAPREN) VALUES (20,{ts '2016-05-18 09:30:00'},null,null);
INSERT INTO agenda (IDMACCHINA,DATAORAPREN,CODINTERNODONAT,NOTAPREN) VALUES (20,{ts '2016-05-18 10:00:00'},null,null);
INSERT INTO agenda (IDMACCHINA,DATAORAPREN,CODINTERNODONAT,NOTAPREN) VALUES (20,{ts '2016-05-18 10:30:00'},null,null);
INSERT INTO agenda (IDMACCHINA,DATAORAPREN,CODINTERNODONAT,NOTAPREN) VALUES (20,{ts '2016-05-22 09:00:00'},null,null);
INSERT INTO agenda (IDMACCHINA,DATAORAPREN,CODINTERNODONAT,NOTAPREN) VALUES (20,{ts '2016-05-22 11:00:00'},null,null);
INSERT INTO agenda (IDMACCHINA,DATAORAPREN,CODINTERNODONAT,NOTAPREN) VALUES (20,{ts '2016-05-23 10:00:00'},null,null);
INSERT INTO agenda (IDMACCHINA,DATAORAPREN,CODINTERNODONAT,NOTAPREN) VALUES (20,{ts '2016-05-25 09:00:00'},null,null);
INSERT INTO agenda (IDMACCHINA,DATAORAPREN,CODINTERNODONAT,NOTAPREN) VALUES (20,{ts '2016-05-25 09:30:00'},null,null);
INSERT INTO agenda (IDMACCHINA,DATAORAPREN,CODINTERNODONAT,NOTAPREN) VALUES (20,{ts '2016-05-25 10:00:00'},null,null);
INSERT INTO agenda (IDMACCHINA,DATAORAPREN,CODINTERNODONAT,NOTAPREN) VALUES (20,{ts '2016-05-25 10:30:00'},null,null);
INSERT INTO agenda (IDMACCHINA,DATAORAPREN,CODINTERNODONAT,NOTAPREN) VALUES (20,{ts '2016-05-29 09:00:00'},null,null);
INSERT INTO agenda (IDMACCHINA,DATAORAPREN,CODINTERNODONAT,NOTAPREN) VALUES (20,{ts '2016-05-29 11:00:00'},null,null);
INSERT INTO agenda (IDMACCHINA,DATAORAPREN,CODINTERNODONAT,NOTAPREN) VALUES (20,{ts '2016-05-30 10:00:00'},null,null);
INSERT INTO agenda (IDMACCHINA,DATAORAPREN,CODINTERNODONAT,NOTAPREN) VALUES (20,{ts '2016-06-01 09:00:00'},null,null);
INSERT INTO agenda (IDMACCHINA,DATAORAPREN,CODINTERNODONAT,NOTAPREN) VALUES (20,{ts '2016-06-01 09:30:00'},null,null);
INSERT INTO agenda (IDMACCHINA,DATAORAPREN,CODINTERNODONAT,NOTAPREN) VALUES (20,{ts '2016-06-01 10:00:00'},null,null);
INSERT INTO agenda (IDMACCHINA,DATAORAPREN,CODINTERNODONAT,NOTAPREN) VALUES (20,{ts '2016-06-01 10:30:00'},null,null);
INSERT INTO agenda (IDMACCHINA,DATAORAPREN,CODINTERNODONAT,NOTAPREN) VALUES (20,{ts '2016-06-05 09:00:00'},null,null);
INSERT INTO agenda (IDMACCHINA,DATAORAPREN,CODINTERNODONAT,NOTAPREN) VALUES (20,{ts '2016-06-05 11:00:00'},null,null);
INSERT INTO agenda (IDMACCHINA,DATAORAPREN,CODINTERNODONAT,NOTAPREN) VALUES (20,{ts '2016-06-06 10:00:00'},null,null);
INSERT INTO agenda (IDMACCHINA,DATAORAPREN,CODINTERNODONAT,NOTAPREN) VALUES (20,{ts '2016-06-08 09:00:00'},null,null);
INSERT INTO agenda (IDMACCHINA,DATAORAPREN,CODINTERNODONAT,NOTAPREN) VALUES (20,{ts '2016-06-08 09:30:00'},null,null);
INSERT INTO agenda (IDMACCHINA,DATAORAPREN,CODINTERNODONAT,NOTAPREN) VALUES (20,{ts '2016-06-08 10:00:00'},null,null);
INSERT INTO agenda (IDMACCHINA,DATAORAPREN,CODINTERNODONAT,NOTAPREN) VALUES (20,{ts '2016-06-08 10:30:00'},null,null);
INSERT INTO agenda (IDMACCHINA,DATAORAPREN,CODINTERNODONAT,NOTAPREN) VALUES (20,{ts '2016-06-12 09:00:00'},null,null);
INSERT INTO agenda (IDMACCHINA,DATAORAPREN,CODINTERNODONAT,NOTAPREN) VALUES (20,{ts '2016-06-12 11:00:00'},null,null);
INSERT INTO agenda (IDMACCHINA,DATAORAPREN,CODINTERNODONAT,NOTAPREN) VALUES (20,{ts '2016-06-13 10:00:00'},null,null);
INSERT INTO agenda (IDMACCHINA,DATAORAPREN,CODINTERNODONAT,NOTAPREN) VALUES (20,{ts '2016-06-15 09:00:00'},null,null);
INSERT INTO agenda (IDMACCHINA,DATAORAPREN,CODINTERNODONAT,NOTAPREN) VALUES (20,{ts '2016-06-15 09:30:00'},null,null);
INSERT INTO agenda (IDMACCHINA,DATAORAPREN,CODINTERNODONAT,NOTAPREN) VALUES (20,{ts '2016-06-15 10:00:00'},null,null);
INSERT INTO agenda (IDMACCHINA,DATAORAPREN,CODINTERNODONAT,NOTAPREN) VALUES (20,{ts '2016-06-15 10:30:00'},null,null);
INSERT INTO agenda (IDMACCHINA,DATAORAPREN,CODINTERNODONAT,NOTAPREN) VALUES (20,{ts '2016-06-19 09:00:00'},null,null);
INSERT INTO agenda (IDMACCHINA,DATAORAPREN,CODINTERNODONAT,NOTAPREN) VALUES (20,{ts '2016-06-19 11:00:00'},null,null);
INSERT INTO agenda (IDMACCHINA,DATAORAPREN,CODINTERNODONAT,NOTAPREN) VALUES (20,{ts '2016-06-20 10:00:00'},null,null);
INSERT INTO agenda (IDMACCHINA,DATAORAPREN,CODINTERNODONAT,NOTAPREN) VALUES (20,{ts '2016-06-22 09:00:00'},null,null);
INSERT INTO agenda (IDMACCHINA,DATAORAPREN,CODINTERNODONAT,NOTAPREN) VALUES (20,{ts '2016-06-22 09:30:00'},null,null);
INSERT INTO agenda (IDMACCHINA,DATAORAPREN,CODINTERNODONAT,NOTAPREN) VALUES (20,{ts '2016-06-22 10:00:00'},null,null);
INSERT INTO agenda (IDMACCHINA,DATAORAPREN,CODINTERNODONAT,NOTAPREN) VALUES (20,{ts '2016-06-22 10:30:00'},null,null);
INSERT INTO agenda (IDMACCHINA,DATAORAPREN,CODINTERNODONAT,NOTAPREN) VALUES (20,{ts '2016-06-26 09:00:00'},null,null);
INSERT INTO agenda (IDMACCHINA,DATAORAPREN,CODINTERNODONAT,NOTAPREN) VALUES (20,{ts '2016-06-26 11:00:00'},null,null);
INSERT INTO agenda (IDMACCHINA,DATAORAPREN,CODINTERNODONAT,NOTAPREN) VALUES (20,{ts '2016-06-27 10:00:00'},null,null);
INSERT INTO agenda (IDMACCHINA,DATAORAPREN,CODINTERNODONAT,NOTAPREN) VALUES (20,{ts '2016-06-29 09:00:00'},null,null);
INSERT INTO agenda (IDMACCHINA,DATAORAPREN,CODINTERNODONAT,NOTAPREN) VALUES (20,{ts '2016-06-29 09:30:00'},null,null);
INSERT INTO agenda (IDMACCHINA,DATAORAPREN,CODINTERNODONAT,NOTAPREN) VALUES (20,{ts '2016-06-29 10:00:00'},null,null);
INSERT INTO agenda (IDMACCHINA,DATAORAPREN,CODINTERNODONAT,NOTAPREN) VALUES (20,{ts '2016-06-29 10:30:00'},null,null);
INSERT INTO agenda (IDMACCHINA,DATAORAPREN,CODINTERNODONAT,NOTAPREN) VALUES (20,{ts '2016-07-04 10:00:00'},null,null);
INSERT INTO agenda (IDMACCHINA,DATAORAPREN,CODINTERNODONAT,NOTAPREN) VALUES (20,{ts '2016-07-06 09:00:00'},null,null);
INSERT INTO agenda (IDMACCHINA,DATAORAPREN,CODINTERNODONAT,NOTAPREN) VALUES (20,{ts '2016-07-06 09:30:00'},null,null);
INSERT INTO agenda (IDMACCHINA,DATAORAPREN,CODINTERNODONAT,NOTAPREN) VALUES (20,{ts '2016-07-06 10:00:00'},null,null);
INSERT INTO agenda (IDMACCHINA,DATAORAPREN,CODINTERNODONAT,NOTAPREN) VALUES (20,{ts '2016-07-06 10:30:00'},null,null);
INSERT INTO agenda (IDMACCHINA,DATAORAPREN,CODINTERNODONAT,NOTAPREN) VALUES (20,{ts '2016-07-11 10:00:00'},null,null);
INSERT INTO agenda (IDMACCHINA,DATAORAPREN,CODINTERNODONAT,NOTAPREN) VALUES (20,{ts '2016-07-13 09:00:00'},null,null);
INSERT INTO agenda (IDMACCHINA,DATAORAPREN,CODINTERNODONAT,NOTAPREN) VALUES (20,{ts '2016-07-13 09:30:00'},null,null);
INSERT INTO agenda (IDMACCHINA,DATAORAPREN,CODINTERNODONAT,NOTAPREN) VALUES (20,{ts '2016-07-13 10:00:00'},null,null);
INSERT INTO agenda (IDMACCHINA,DATAORAPREN,CODINTERNODONAT,NOTAPREN) VALUES (20,{ts '2016-07-13 10:30:00'},null,null);
INSERT INTO agenda (IDMACCHINA,DATAORAPREN,CODINTERNODONAT,NOTAPREN) VALUES (20,{ts '2016-07-18 10:00:00'},null,null);
INSERT INTO agenda (IDMACCHINA,DATAORAPREN,CODINTERNODONAT,NOTAPREN) VALUES (20,{ts '2016-07-20 09:00:00'},null,null);
INSERT INTO agenda (IDMACCHINA,DATAORAPREN,CODINTERNODONAT,NOTAPREN) VALUES (20,{ts '2016-07-20 09:30:00'},null,null);
INSERT INTO agenda (IDMACCHINA,DATAORAPREN,CODINTERNODONAT,NOTAPREN) VALUES (20,{ts '2016-07-20 10:00:00'},null,null);
INSERT INTO agenda (IDMACCHINA,DATAORAPREN,CODINTERNODONAT,NOTAPREN) VALUES (20,{ts '2016-07-20 10:30:00'},null,null);
INSERT INTO agenda (IDMACCHINA,DATAORAPREN,CODINTERNODONAT,NOTAPREN) VALUES (20,{ts '2016-07-25 10:00:00'},null,null);
INSERT INTO agenda (IDMACCHINA,DATAORAPREN,CODINTERNODONAT,NOTAPREN) VALUES (20,{ts '2016-07-27 09:00:00'},null,null);
INSERT INTO agenda (IDMACCHINA,DATAORAPREN,CODINTERNODONAT,NOTAPREN) VALUES (20,{ts '2016-07-27 09:30:00'},null,null);
INSERT INTO agenda (IDMACCHINA,DATAORAPREN,CODINTERNODONAT,NOTAPREN) VALUES (20,{ts '2016-07-27 10:00:00'},null,null);
INSERT INTO agenda (IDMACCHINA,DATAORAPREN,CODINTERNODONAT,NOTAPREN) VALUES (20,{ts '2016-07-27 10:30:00'},null,null);
INSERT INTO agenda (IDMACCHINA,DATAORAPREN,CODINTERNODONAT,NOTAPREN) VALUES (20,{ts '2016-08-01 10:00:00'},null,null);
INSERT INTO agenda (IDMACCHINA,DATAORAPREN,CODINTERNODONAT,NOTAPREN) VALUES (20,{ts '2016-08-03 09:00:00'},null,null);
INSERT INTO agenda (IDMACCHINA,DATAORAPREN,CODINTERNODONAT,NOTAPREN) VALUES (20,{ts '2016-08-03 09:30:00'},null,null);
INSERT INTO agenda (IDMACCHINA,DATAORAPREN,CODINTERNODONAT,NOTAPREN) VALUES (20,{ts '2016-08-03 10:00:00'},null,null);
INSERT INTO agenda (IDMACCHINA,DATAORAPREN,CODINTERNODONAT,NOTAPREN) VALUES (20,{ts '2016-08-03 10:30:00'},null,null);
INSERT INTO agenda (IDMACCHINA,DATAORAPREN,CODINTERNODONAT,NOTAPREN) VALUES (20,{ts '2016-08-08 10:00:00'},null,null);
INSERT INTO agenda (IDMACCHINA,DATAORAPREN,CODINTERNODONAT,NOTAPREN) VALUES (20,{ts '2016-08-10 09:00:00'},null,null);
INSERT INTO agenda (IDMACCHINA,DATAORAPREN,CODINTERNODONAT,NOTAPREN) VALUES (20,{ts '2016-08-10 09:30:00'},null,null);
INSERT INTO agenda (IDMACCHINA,DATAORAPREN,CODINTERNODONAT,NOTAPREN) VALUES (20,{ts '2016-08-10 10:00:00'},null,null);
INSERT INTO agenda (IDMACCHINA,DATAORAPREN,CODINTERNODONAT,NOTAPREN) VALUES (20,{ts '2016-08-10 10:30:00'},null,null);
INSERT INTO agenda (IDMACCHINA,DATAORAPREN,CODINTERNODONAT,NOTAPREN) VALUES (20,{ts '2016-08-15 10:00:00'},null,null);
INSERT INTO agenda (IDMACCHINA,DATAORAPREN,CODINTERNODONAT,NOTAPREN) VALUES (20,{ts '2016-08-17 09:00:00'},null,null);
INSERT INTO agenda (IDMACCHINA,DATAORAPREN,CODINTERNODONAT,NOTAPREN) VALUES (20,{ts '2016-08-17 09:30:00'},null,null);
INSERT INTO agenda (IDMACCHINA,DATAORAPREN,CODINTERNODONAT,NOTAPREN) VALUES (20,{ts '2016-08-17 10:00:00'},null,null);
INSERT INTO agenda (IDMACCHINA,DATAORAPREN,CODINTERNODONAT,NOTAPREN) VALUES (20,{ts '2016-08-17 10:30:00'},null,null);
INSERT INTO agenda (IDMACCHINA,DATAORAPREN,CODINTERNODONAT,NOTAPREN) VALUES (20,{ts '2016-08-22 10:00:00'},null,null);
INSERT INTO agenda (IDMACCHINA,DATAORAPREN,CODINTERNODONAT,NOTAPREN) VALUES (20,{ts '2016-08-24 09:00:00'},null,null);
INSERT INTO agenda (IDMACCHINA,DATAORAPREN,CODINTERNODONAT,NOTAPREN) VALUES (20,{ts '2016-08-24 09:30:00'},null,null);
INSERT INTO agenda (IDMACCHINA,DATAORAPREN,CODINTERNODONAT,NOTAPREN) VALUES (20,{ts '2016-08-24 10:00:00'},null,null);
INSERT INTO agenda (IDMACCHINA,DATAORAPREN,CODINTERNODONAT,NOTAPREN) VALUES (20,{ts '2016-08-24 10:30:00'},null,null);
INSERT INTO agenda (IDMACCHINA,DATAORAPREN,CODINTERNODONAT,NOTAPREN) VALUES (20,{ts '2016-08-29 10:00:00'},null,null);
INSERT INTO agenda (IDMACCHINA,DATAORAPREN,CODINTERNODONAT,NOTAPREN) VALUES (20,{ts '2016-08-31 09:00:00'},null,null);
INSERT INTO agenda (IDMACCHINA,DATAORAPREN,CODINTERNODONAT,NOTAPREN) VALUES (20,{ts '2016-08-31 09:30:00'},null,null);
INSERT INTO agenda (IDMACCHINA,DATAORAPREN,CODINTERNODONAT,NOTAPREN) VALUES (20,{ts '2016-08-31 10:00:00'},null,null);
INSERT INTO agenda (IDMACCHINA,DATAORAPREN,CODINTERNODONAT,NOTAPREN) VALUES (20,{ts '2016-08-31 10:30:00'},null,null);
INSERT INTO agenda (IDMACCHINA,DATAORAPREN,CODINTERNODONAT,NOTAPREN) VALUES (20,{ts '2016-09-05 10:00:00'},null,null);
INSERT INTO agenda (IDMACCHINA,DATAORAPREN,CODINTERNODONAT,NOTAPREN) VALUES (20,{ts '2016-09-07 09:00:00'},null,null);
INSERT INTO agenda (IDMACCHINA,DATAORAPREN,CODINTERNODONAT,NOTAPREN) VALUES (20,{ts '2016-09-07 09:30:00'},null,null);
INSERT INTO agenda (IDMACCHINA,DATAORAPREN,CODINTERNODONAT,NOTAPREN) VALUES (20,{ts '2016-09-07 10:00:00'},null,null);
INSERT INTO agenda (IDMACCHINA,DATAORAPREN,CODINTERNODONAT,NOTAPREN) VALUES (20,{ts '2016-09-07 10:30:00'},null,null);
INSERT INTO agenda (IDMACCHINA,DATAORAPREN,CODINTERNODONAT,NOTAPREN) VALUES (20,{ts '2016-09-12 10:00:00'},null,null);
INSERT INTO agenda (IDMACCHINA,DATAORAPREN,CODINTERNODONAT,NOTAPREN) VALUES (20,{ts '2016-09-14 09:00:00'},null,null);
INSERT INTO agenda (IDMACCHINA,DATAORAPREN,CODINTERNODONAT,NOTAPREN) VALUES (20,{ts '2016-09-14 09:30:00'},null,null);
INSERT INTO agenda (IDMACCHINA,DATAORAPREN,CODINTERNODONAT,NOTAPREN) VALUES (20,{ts '2016-09-14 10:00:00'},null,null);
INSERT INTO agenda (IDMACCHINA,DATAORAPREN,CODINTERNODONAT,NOTAPREN) VALUES (20,{ts '2016-09-14 10:30:00'},null,null);
INSERT INTO agenda (IDMACCHINA,DATAORAPREN,CODINTERNODONAT,NOTAPREN) VALUES (20,{ts '2016-09-19 10:00:00'},null,null);
INSERT INTO agenda (IDMACCHINA,DATAORAPREN,CODINTERNODONAT,NOTAPREN) VALUES (20,{ts '2016-09-21 09:00:00'},null,null);
INSERT INTO agenda (IDMACCHINA,DATAORAPREN,CODINTERNODONAT,NOTAPREN) VALUES (20,{ts '2016-09-21 09:30:00'},null,null);
INSERT INTO agenda (IDMACCHINA,DATAORAPREN,CODINTERNODONAT,NOTAPREN) VALUES (20,{ts '2016-09-21 10:00:00'},null,null);
INSERT INTO agenda (IDMACCHINA,DATAORAPREN,CODINTERNODONAT,NOTAPREN) VALUES (20,{ts '2016-09-21 10:30:00'},null,null);
INSERT INTO agenda (IDMACCHINA,DATAORAPREN,CODINTERNODONAT,NOTAPREN) VALUES (20,{ts '2016-09-26 10:00:00'},null,null);
INSERT INTO agenda (IDMACCHINA,DATAORAPREN,CODINTERNODONAT,NOTAPREN) VALUES (20,{ts '2016-09-28 09:00:00'},null,null);
INSERT INTO agenda (IDMACCHINA,DATAORAPREN,CODINTERNODONAT,NOTAPREN) VALUES (20,{ts '2016-09-28 09:30:00'},null,null);
INSERT INTO agenda (IDMACCHINA,DATAORAPREN,CODINTERNODONAT,NOTAPREN) VALUES (20,{ts '2016-09-28 10:00:00'},null,null);
INSERT INTO agenda (IDMACCHINA,DATAORAPREN,CODINTERNODONAT,NOTAPREN) VALUES (20,{ts '2016-09-28 10:30:00'},null,null);
INSERT INTO agenda (IDMACCHINA,DATAORAPREN,CODINTERNODONAT,NOTAPREN) VALUES (20,{ts '2016-10-03 10:00:00'},null,null);
INSERT INTO agenda (IDMACCHINA,DATAORAPREN,CODINTERNODONAT,NOTAPREN) VALUES (20,{ts '2016-10-05 09:00:00'},null,null);
INSERT INTO agenda (IDMACCHINA,DATAORAPREN,CODINTERNODONAT,NOTAPREN) VALUES (20,{ts '2016-10-05 09:30:00'},null,null);
INSERT INTO agenda (IDMACCHINA,DATAORAPREN,CODINTERNODONAT,NOTAPREN) VALUES (20,{ts '2016-10-05 10:00:00'},null,null);
INSERT INTO agenda (IDMACCHINA,DATAORAPREN,CODINTERNODONAT,NOTAPREN) VALUES (20,{ts '2016-10-05 10:30:00'},null,null);
INSERT INTO agenda (IDMACCHINA,DATAORAPREN,CODINTERNODONAT,NOTAPREN) VALUES (20,{ts '2016-10-10 10:00:00'},null,null);
INSERT INTO agenda (IDMACCHINA,DATAORAPREN,CODINTERNODONAT,NOTAPREN) VALUES (20,{ts '2016-10-12 09:00:00'},null,null);
INSERT INTO agenda (IDMACCHINA,DATAORAPREN,CODINTERNODONAT,NOTAPREN) VALUES (20,{ts '2016-10-12 09:30:00'},null,null);
INSERT INTO agenda (IDMACCHINA,DATAORAPREN,CODINTERNODONAT,NOTAPREN) VALUES (20,{ts '2016-10-12 10:00:00'},null,null);
INSERT INTO agenda (IDMACCHINA,DATAORAPREN,CODINTERNODONAT,NOTAPREN) VALUES (20,{ts '2016-10-12 10:30:00'},null,null);
INSERT INTO agenda (IDMACCHINA,DATAORAPREN,CODINTERNODONAT,NOTAPREN) VALUES (20,{ts '2016-10-17 10:00:00'},null,null);
INSERT INTO agenda (IDMACCHINA,DATAORAPREN,CODINTERNODONAT,NOTAPREN) VALUES (20,{ts '2016-10-19 09:00:00'},null,null);
INSERT INTO agenda (IDMACCHINA,DATAORAPREN,CODINTERNODONAT,NOTAPREN) VALUES (20,{ts '2016-10-19 09:30:00'},null,null);
INSERT INTO agenda (IDMACCHINA,DATAORAPREN,CODINTERNODONAT,NOTAPREN) VALUES (20,{ts '2016-10-19 10:00:00'},null,null);
INSERT INTO agenda (IDMACCHINA,DATAORAPREN,CODINTERNODONAT,NOTAPREN) VALUES (20,{ts '2016-10-19 10:30:00'},null,null);
INSERT INTO agenda (IDMACCHINA,DATAORAPREN,CODINTERNODONAT,NOTAPREN) VALUES (20,{ts '2016-10-24 10:00:00'},null,null);
INSERT INTO agenda (IDMACCHINA,DATAORAPREN,CODINTERNODONAT,NOTAPREN) VALUES (20,{ts '2016-10-26 09:00:00'},null,null);
INSERT INTO agenda (IDMACCHINA,DATAORAPREN,CODINTERNODONAT,NOTAPREN) VALUES (20,{ts '2016-10-26 09:30:00'},null,null);
INSERT INTO agenda (IDMACCHINA,DATAORAPREN,CODINTERNODONAT,NOTAPREN) VALUES (20,{ts '2016-10-26 10:00:00'},null,null);
INSERT INTO agenda (IDMACCHINA,DATAORAPREN,CODINTERNODONAT,NOTAPREN) VALUES (20,{ts '2016-10-26 10:30:00'},null,null);
INSERT INTO agenda (IDMACCHINA,DATAORAPREN,CODINTERNODONAT,NOTAPREN) VALUES (20,{ts '2016-10-31 10:00:00'},null,null);
INSERT INTO agenda (IDMACCHINA,DATAORAPREN,CODINTERNODONAT,NOTAPREN) VALUES (20,{ts '2016-11-02 09:00:00'},null,null);
INSERT INTO agenda (IDMACCHINA,DATAORAPREN,CODINTERNODONAT,NOTAPREN) VALUES (20,{ts '2016-11-02 09:30:00'},null,null);
INSERT INTO agenda (IDMACCHINA,DATAORAPREN,CODINTERNODONAT,NOTAPREN) VALUES (20,{ts '2016-11-02 10:00:00'},null,null);
INSERT INTO agenda (IDMACCHINA,DATAORAPREN,CODINTERNODONAT,NOTAPREN) VALUES (20,{ts '2016-11-02 10:30:00'},null,null);
INSERT INTO agenda (IDMACCHINA,DATAORAPREN,CODINTERNODONAT,NOTAPREN) VALUES (20,{ts '2016-11-07 10:00:00'},null,null);
INSERT INTO agenda (IDMACCHINA,DATAORAPREN,CODINTERNODONAT,NOTAPREN) VALUES (20,{ts '2016-11-09 09:00:00'},null,null);
INSERT INTO agenda (IDMACCHINA,DATAORAPREN,CODINTERNODONAT,NOTAPREN) VALUES (20,{ts '2016-11-09 09:30:00'},null,null);
INSERT INTO agenda (IDMACCHINA,DATAORAPREN,CODINTERNODONAT,NOTAPREN) VALUES (20,{ts '2016-11-09 10:00:00'},null,null);
INSERT INTO agenda (IDMACCHINA,DATAORAPREN,CODINTERNODONAT,NOTAPREN) VALUES (20,{ts '2016-11-09 10:30:00'},null,null);
INSERT INTO agenda (IDMACCHINA,DATAORAPREN,CODINTERNODONAT,NOTAPREN) VALUES (20,{ts '2016-11-14 10:00:00'},null,null);
INSERT INTO agenda (IDMACCHINA,DATAORAPREN,CODINTERNODONAT,NOTAPREN) VALUES (20,{ts '2016-11-16 09:00:00'},null,null);
INSERT INTO agenda (IDMACCHINA,DATAORAPREN,CODINTERNODONAT,NOTAPREN) VALUES (20,{ts '2016-11-16 09:30:00'},null,null);
INSERT INTO agenda (IDMACCHINA,DATAORAPREN,CODINTERNODONAT,NOTAPREN) VALUES (20,{ts '2016-11-16 10:00:00'},null,null);
INSERT INTO agenda (IDMACCHINA,DATAORAPREN,CODINTERNODONAT,NOTAPREN) VALUES (20,{ts '2016-11-16 10:30:00'},null,null);
INSERT INTO agenda (IDMACCHINA,DATAORAPREN,CODINTERNODONAT,NOTAPREN) VALUES (20,{ts '2016-11-21 10:00:00'},null,null);
INSERT INTO agenda (IDMACCHINA,DATAORAPREN,CODINTERNODONAT,NOTAPREN) VALUES (20,{ts '2016-11-23 09:00:00'},null,null);
INSERT INTO agenda (IDMACCHINA,DATAORAPREN,CODINTERNODONAT,NOTAPREN) VALUES (20,{ts '2016-11-23 09:30:00'},null,null);
INSERT INTO agenda (IDMACCHINA,DATAORAPREN,CODINTERNODONAT,NOTAPREN) VALUES (20,{ts '2016-11-23 10:00:00'},null,null);
INSERT INTO agenda (IDMACCHINA,DATAORAPREN,CODINTERNODONAT,NOTAPREN) VALUES (20,{ts '2016-11-23 10:30:00'},null,null);
INSERT INTO agenda (IDMACCHINA,DATAORAPREN,CODINTERNODONAT,NOTAPREN) VALUES (20,{ts '2016-11-28 10:00:00'},null,null);
INSERT INTO agenda (IDMACCHINA,DATAORAPREN,CODINTERNODONAT,NOTAPREN) VALUES (20,{ts '2016-11-30 09:00:00'},null,null);
INSERT INTO agenda (IDMACCHINA,DATAORAPREN,CODINTERNODONAT,NOTAPREN) VALUES (20,{ts '2016-11-30 09:30:00'},null,null);
INSERT INTO agenda (IDMACCHINA,DATAORAPREN,CODINTERNODONAT,NOTAPREN) VALUES (20,{ts '2016-11-30 10:00:00'},null,null);
INSERT INTO agenda (IDMACCHINA,DATAORAPREN,CODINTERNODONAT,NOTAPREN) VALUES (20,{ts '2016-11-30 10:30:00'},null,null);
INSERT INTO agenda (IDMACCHINA,DATAORAPREN,CODINTERNODONAT,NOTAPREN) VALUES (20,{ts '2016-12-05 10:00:00'},null,null);
INSERT INTO agenda (IDMACCHINA,DATAORAPREN,CODINTERNODONAT,NOTAPREN) VALUES (20,{ts '2016-12-07 09:00:00'},null,null);
INSERT INTO agenda (IDMACCHINA,DATAORAPREN,CODINTERNODONAT,NOTAPREN) VALUES (20,{ts '2016-12-07 09:30:00'},null,null);
INSERT INTO agenda (IDMACCHINA,DATAORAPREN,CODINTERNODONAT,NOTAPREN) VALUES (20,{ts '2016-12-07 10:00:00'},null,null);
INSERT INTO agenda (IDMACCHINA,DATAORAPREN,CODINTERNODONAT,NOTAPREN) VALUES (20,{ts '2016-12-07 10:30:00'},null,null);
INSERT INTO agenda (IDMACCHINA,DATAORAPREN,CODINTERNODONAT,NOTAPREN) VALUES (20,{ts '2016-12-12 10:00:00'},null,null);
INSERT INTO agenda (IDMACCHINA,DATAORAPREN,CODINTERNODONAT,NOTAPREN) VALUES (20,{ts '2016-12-14 09:00:00'},null,null);
INSERT INTO agenda (IDMACCHINA,DATAORAPREN,CODINTERNODONAT,NOTAPREN) VALUES (20,{ts '2016-12-14 09:30:00'},null,null);
INSERT INTO agenda (IDMACCHINA,DATAORAPREN,CODINTERNODONAT,NOTAPREN) VALUES (20,{ts '2016-12-14 10:00:00'},null,null);
INSERT INTO agenda (IDMACCHINA,DATAORAPREN,CODINTERNODONAT,NOTAPREN) VALUES (20,{ts '2016-12-14 10:30:00'},null,null);
INSERT INTO agenda (IDMACCHINA,DATAORAPREN,CODINTERNODONAT,NOTAPREN) VALUES (20,{ts '2016-12-19 10:00:00'},null,null);
INSERT INTO agenda (IDMACCHINA,DATAORAPREN,CODINTERNODONAT,NOTAPREN) VALUES (20,{ts '2016-12-21 09:00:00'},null,null);
INSERT INTO agenda (IDMACCHINA,DATAORAPREN,CODINTERNODONAT,NOTAPREN) VALUES (20,{ts '2016-12-21 09:30:00'},null,null);
INSERT INTO agenda (IDMACCHINA,DATAORAPREN,CODINTERNODONAT,NOTAPREN) VALUES (20,{ts '2016-12-21 10:00:00'},null,null);
INSERT INTO agenda (IDMACCHINA,DATAORAPREN,CODINTERNODONAT,NOTAPREN) VALUES (20,{ts '2016-12-21 10:30:00'},null,null);
INSERT INTO agenda (IDMACCHINA,DATAORAPREN,CODINTERNODONAT,NOTAPREN) VALUES (20,{ts '2016-12-26 10:00:00'},null,null);
INSERT INTO agenda (IDMACCHINA,DATAORAPREN,CODINTERNODONAT,NOTAPREN) VALUES (20,{ts '2016-12-28 09:00:00'},null,null);
INSERT INTO agenda (IDMACCHINA,DATAORAPREN,CODINTERNODONAT,NOTAPREN) VALUES (20,{ts '2016-12-28 09:30:00'},null,null);
INSERT INTO agenda (IDMACCHINA,DATAORAPREN,CODINTERNODONAT,NOTAPREN) VALUES (20,{ts '2016-12-28 10:00:00'},null,null);
INSERT INTO agenda (IDMACCHINA,DATAORAPREN,CODINTERNODONAT,NOTAPREN) VALUES (20,{ts '2016-12-28 10:30:00'},null,null);
INSERT INTO agenda (IDMACCHINA,DATAORAPREN,CODINTERNODONAT,NOTAPREN) VALUES (21,{ts '2016-04-19 09:00:00'},null,null);
INSERT INTO agenda (IDMACCHINA,DATAORAPREN,CODINTERNODONAT,NOTAPREN) VALUES (21,{ts '2016-04-19 10:00:00'},null,null);
INSERT INTO agenda (IDMACCHINA,DATAORAPREN,CODINTERNODONAT,NOTAPREN) VALUES (21,{ts '2016-04-19 11:33:00'},null,null);
INSERT INTO agenda (IDMACCHINA,DATAORAPREN,CODINTERNODONAT,NOTAPREN) VALUES (21,{ts '2016-04-20 08:00:00'},null,null);
INSERT INTO agenda (IDMACCHINA,DATAORAPREN,CODINTERNODONAT,NOTAPREN) VALUES (21,{ts '2016-04-20 09:00:00'},null,null);
INSERT INTO agenda (IDMACCHINA,DATAORAPREN,CODINTERNODONAT,NOTAPREN) VALUES (21,{ts '2016-04-20 10:00:00'},null,null);
INSERT INTO agenda (IDMACCHINA,DATAORAPREN,CODINTERNODONAT,NOTAPREN) VALUES (21,{ts '2016-04-21 09:00:00'},null,null);
INSERT INTO agenda (IDMACCHINA,DATAORAPREN,CODINTERNODONAT,NOTAPREN) VALUES (21,{ts '2016-04-21 09:35:00'},null,null);
INSERT INTO agenda (IDMACCHINA,DATAORAPREN,CODINTERNODONAT,NOTAPREN) VALUES (21,{ts '2016-04-21 11:15:00'},null,null);
INSERT INTO agenda (IDMACCHINA,DATAORAPREN,CODINTERNODONAT,NOTAPREN) VALUES (21,{ts '2016-04-23 08:00:00'},null,null);
INSERT INTO agenda (IDMACCHINA,DATAORAPREN,CODINTERNODONAT,NOTAPREN) VALUES (21,{ts '2016-04-23 08:30:00'},null,null);
INSERT INTO agenda (IDMACCHINA,DATAORAPREN,CODINTERNODONAT,NOTAPREN) VALUES (21,{ts '2016-04-23 09:00:00'},null,null);
INSERT INTO agenda (IDMACCHINA,DATAORAPREN,CODINTERNODONAT,NOTAPREN) VALUES (21,{ts '2016-04-25 09:00:00'},null,null);
INSERT INTO agenda (IDMACCHINA,DATAORAPREN,CODINTERNODONAT,NOTAPREN) VALUES (21,{ts '2016-04-25 09:10:00'},null,null);
INSERT INTO agenda (IDMACCHINA,DATAORAPREN,CODINTERNODONAT,NOTAPREN) VALUES (21,{ts '2016-04-25 09:20:00'},null,null);
INSERT INTO agenda (IDMACCHINA,DATAORAPREN,CODINTERNODONAT,NOTAPREN) VALUES (21,{ts '2016-04-25 09:30:00'},null,null);
INSERT INTO agenda (IDMACCHINA,DATAORAPREN,CODINTERNODONAT,NOTAPREN) VALUES (21,{ts '2016-04-25 10:00:00'},null,null);
INSERT INTO agenda (IDMACCHINA,DATAORAPREN,CODINTERNODONAT,NOTAPREN) VALUES (21,{ts '2016-04-25 11:00:00'},null,null);
INSERT INTO agenda (IDMACCHINA,DATAORAPREN,CODINTERNODONAT,NOTAPREN) VALUES (21,{ts '2016-04-26 09:00:00'},null,null);
INSERT INTO agenda (IDMACCHINA,DATAORAPREN,CODINTERNODONAT,NOTAPREN) VALUES (21,{ts '2016-04-26 10:00:00'},null,null);
INSERT INTO agenda (IDMACCHINA,DATAORAPREN,CODINTERNODONAT,NOTAPREN) VALUES (21,{ts '2016-04-26 11:33:00'},null,null);
INSERT INTO agenda (IDMACCHINA,DATAORAPREN,CODINTERNODONAT,NOTAPREN) VALUES (21,{ts '2016-04-27 08:00:00'},null,null);
INSERT INTO agenda (IDMACCHINA,DATAORAPREN,CODINTERNODONAT,NOTAPREN) VALUES (21,{ts '2016-04-27 09:00:00'},null,null);
INSERT INTO agenda (IDMACCHINA,DATAORAPREN,CODINTERNODONAT,NOTAPREN) VALUES (21,{ts '2016-04-27 10:00:00'},null,null);
INSERT INTO agenda (IDMACCHINA,DATAORAPREN,CODINTERNODONAT,NOTAPREN) VALUES (21,{ts '2016-04-28 09:00:00'},null,null);
INSERT INTO agenda (IDMACCHINA,DATAORAPREN,CODINTERNODONAT,NOTAPREN) VALUES (21,{ts '2016-04-28 09:35:00'},null,null);
INSERT INTO agenda (IDMACCHINA,DATAORAPREN,CODINTERNODONAT,NOTAPREN) VALUES (21,{ts '2016-04-28 11:15:00'},null,null);
INSERT INTO agenda (IDMACCHINA,DATAORAPREN,CODINTERNODONAT,NOTAPREN) VALUES (21,{ts '2016-04-30 08:00:00'},null,null);
INSERT INTO agenda (IDMACCHINA,DATAORAPREN,CODINTERNODONAT,NOTAPREN) VALUES (21,{ts '2016-04-30 08:30:00'},null,null);
INSERT INTO agenda (IDMACCHINA,DATAORAPREN,CODINTERNODONAT,NOTAPREN) VALUES (21,{ts '2016-04-30 09:00:00'},null,null);
INSERT INTO agenda (IDMACCHINA,DATAORAPREN,CODINTERNODONAT,NOTAPREN) VALUES (21,{ts '2016-05-02 09:00:00'},null,null);
INSERT INTO agenda (IDMACCHINA,DATAORAPREN,CODINTERNODONAT,NOTAPREN) VALUES (21,{ts '2016-05-02 09:10:00'},null,null);
INSERT INTO agenda (IDMACCHINA,DATAORAPREN,CODINTERNODONAT,NOTAPREN) VALUES (21,{ts '2016-05-02 09:20:00'},null,null);
INSERT INTO agenda (IDMACCHINA,DATAORAPREN,CODINTERNODONAT,NOTAPREN) VALUES (21,{ts '2016-05-02 09:30:00'},null,null);
INSERT INTO agenda (IDMACCHINA,DATAORAPREN,CODINTERNODONAT,NOTAPREN) VALUES (21,{ts '2016-05-02 10:00:00'},null,null);
INSERT INTO agenda (IDMACCHINA,DATAORAPREN,CODINTERNODONAT,NOTAPREN) VALUES (21,{ts '2016-05-02 11:00:00'},null,null);
INSERT INTO agenda (IDMACCHINA,DATAORAPREN,CODINTERNODONAT,NOTAPREN) VALUES (21,{ts '2016-05-03 09:00:00'},null,null);
INSERT INTO agenda (IDMACCHINA,DATAORAPREN,CODINTERNODONAT,NOTAPREN) VALUES (21,{ts '2016-05-03 10:00:00'},null,null);
INSERT INTO agenda (IDMACCHINA,DATAORAPREN,CODINTERNODONAT,NOTAPREN) VALUES (21,{ts '2016-05-03 11:33:00'},null,null);
INSERT INTO agenda (IDMACCHINA,DATAORAPREN,CODINTERNODONAT,NOTAPREN) VALUES (21,{ts '2016-05-04 08:00:00'},null,null);
INSERT INTO agenda (IDMACCHINA,DATAORAPREN,CODINTERNODONAT,NOTAPREN) VALUES (21,{ts '2016-05-04 09:00:00'},null,null);
INSERT INTO agenda (IDMACCHINA,DATAORAPREN,CODINTERNODONAT,NOTAPREN) VALUES (21,{ts '2016-05-04 10:00:00'},null,null);
INSERT INTO agenda (IDMACCHINA,DATAORAPREN,CODINTERNODONAT,NOTAPREN) VALUES (21,{ts '2016-05-05 09:00:00'},null,null);
INSERT INTO agenda (IDMACCHINA,DATAORAPREN,CODINTERNODONAT,NOTAPREN) VALUES (21,{ts '2016-05-05 09:35:00'},null,null);
INSERT INTO agenda (IDMACCHINA,DATAORAPREN,CODINTERNODONAT,NOTAPREN) VALUES (21,{ts '2016-05-05 11:15:00'},null,null);
INSERT INTO agenda (IDMACCHINA,DATAORAPREN,CODINTERNODONAT,NOTAPREN) VALUES (21,{ts '2016-05-07 08:00:00'},null,null);
INSERT INTO agenda (IDMACCHINA,DATAORAPREN,CODINTERNODONAT,NOTAPREN) VALUES (21,{ts '2016-05-07 08:30:00'},null,null);
INSERT INTO agenda (IDMACCHINA,DATAORAPREN,CODINTERNODONAT,NOTAPREN) VALUES (21,{ts '2016-05-07 09:00:00'},null,null);
INSERT INTO agenda (IDMACCHINA,DATAORAPREN,CODINTERNODONAT,NOTAPREN) VALUES (21,{ts '2016-05-09 09:00:00'},null,null);
INSERT INTO agenda (IDMACCHINA,DATAORAPREN,CODINTERNODONAT,NOTAPREN) VALUES (21,{ts '2016-05-09 09:10:00'},null,null);
INSERT INTO agenda (IDMACCHINA,DATAORAPREN,CODINTERNODONAT,NOTAPREN) VALUES (21,{ts '2016-05-09 09:20:00'},null,null);
INSERT INTO agenda (IDMACCHINA,DATAORAPREN,CODINTERNODONAT,NOTAPREN) VALUES (21,{ts '2016-05-09 09:30:00'},null,null);
INSERT INTO agenda (IDMACCHINA,DATAORAPREN,CODINTERNODONAT,NOTAPREN) VALUES (21,{ts '2016-05-09 10:00:00'},null,null);
INSERT INTO agenda (IDMACCHINA,DATAORAPREN,CODINTERNODONAT,NOTAPREN) VALUES (21,{ts '2016-05-09 11:00:00'},null,null);
INSERT INTO agenda (IDMACCHINA,DATAORAPREN,CODINTERNODONAT,NOTAPREN) VALUES (21,{ts '2016-05-10 09:00:00'},null,null);
INSERT INTO agenda (IDMACCHINA,DATAORAPREN,CODINTERNODONAT,NOTAPREN) VALUES (21,{ts '2016-05-10 10:00:00'},null,null);
INSERT INTO agenda (IDMACCHINA,DATAORAPREN,CODINTERNODONAT,NOTAPREN) VALUES (21,{ts '2016-05-10 11:33:00'},null,null);
INSERT INTO agenda (IDMACCHINA,DATAORAPREN,CODINTERNODONAT,NOTAPREN) VALUES (21,{ts '2016-05-11 08:00:00'},null,null);
INSERT INTO agenda (IDMACCHINA,DATAORAPREN,CODINTERNODONAT,NOTAPREN) VALUES (21,{ts '2016-05-11 09:00:00'},null,null);
INSERT INTO agenda (IDMACCHINA,DATAORAPREN,CODINTERNODONAT,NOTAPREN) VALUES (21,{ts '2016-05-11 10:00:00'},null,null);
INSERT INTO agenda (IDMACCHINA,DATAORAPREN,CODINTERNODONAT,NOTAPREN) VALUES (21,{ts '2016-05-12 09:00:00'},null,null);
INSERT INTO agenda (IDMACCHINA,DATAORAPREN,CODINTERNODONAT,NOTAPREN) VALUES (21,{ts '2016-05-12 09:35:00'},null,null);
INSERT INTO agenda (IDMACCHINA,DATAORAPREN,CODINTERNODONAT,NOTAPREN) VALUES (21,{ts '2016-05-12 11:15:00'},null,null);
INSERT INTO agenda (IDMACCHINA,DATAORAPREN,CODINTERNODONAT,NOTAPREN) VALUES (21,{ts '2016-05-14 08:00:00'},null,null);
INSERT INTO agenda (IDMACCHINA,DATAORAPREN,CODINTERNODONAT,NOTAPREN) VALUES (21,{ts '2016-05-14 08:30:00'},null,null);
INSERT INTO agenda (IDMACCHINA,DATAORAPREN,CODINTERNODONAT,NOTAPREN) VALUES (21,{ts '2016-05-14 09:00:00'},null,null);
INSERT INTO agenda (IDMACCHINA,DATAORAPREN,CODINTERNODONAT,NOTAPREN) VALUES (21,{ts '2016-05-16 09:00:00'},null,null);
INSERT INTO agenda (IDMACCHINA,DATAORAPREN,CODINTERNODONAT,NOTAPREN) VALUES (21,{ts '2016-05-16 09:10:00'},null,null);
INSERT INTO agenda (IDMACCHINA,DATAORAPREN,CODINTERNODONAT,NOTAPREN) VALUES (21,{ts '2016-05-16 09:20:00'},null,null);
INSERT INTO agenda (IDMACCHINA,DATAORAPREN,CODINTERNODONAT,NOTAPREN) VALUES (21,{ts '2016-05-16 09:30:00'},null,null);
INSERT INTO agenda (IDMACCHINA,DATAORAPREN,CODINTERNODONAT,NOTAPREN) VALUES (21,{ts '2016-05-16 10:00:00'},null,null);
INSERT INTO agenda (IDMACCHINA,DATAORAPREN,CODINTERNODONAT,NOTAPREN) VALUES (21,{ts '2016-05-16 11:00:00'},null,null);
INSERT INTO agenda (IDMACCHINA,DATAORAPREN,CODINTERNODONAT,NOTAPREN) VALUES (21,{ts '2016-05-17 09:00:00'},null,null);
INSERT INTO agenda (IDMACCHINA,DATAORAPREN,CODINTERNODONAT,NOTAPREN) VALUES (21,{ts '2016-05-17 10:00:00'},null,null);
INSERT INTO agenda (IDMACCHINA,DATAORAPREN,CODINTERNODONAT,NOTAPREN) VALUES (21,{ts '2016-05-17 11:33:00'},null,null);
INSERT INTO agenda (IDMACCHINA,DATAORAPREN,CODINTERNODONAT,NOTAPREN) VALUES (21,{ts '2016-05-18 08:00:00'},null,null);
INSERT INTO agenda (IDMACCHINA,DATAORAPREN,CODINTERNODONAT,NOTAPREN) VALUES (21,{ts '2016-05-18 09:00:00'},null,null);
INSERT INTO agenda (IDMACCHINA,DATAORAPREN,CODINTERNODONAT,NOTAPREN) VALUES (21,{ts '2016-05-18 10:00:00'},null,null);
INSERT INTO agenda (IDMACCHINA,DATAORAPREN,CODINTERNODONAT,NOTAPREN) VALUES (21,{ts '2016-05-19 09:00:00'},null,null);
INSERT INTO agenda (IDMACCHINA,DATAORAPREN,CODINTERNODONAT,NOTAPREN) VALUES (21,{ts '2016-05-19 09:35:00'},null,null);
INSERT INTO agenda (IDMACCHINA,DATAORAPREN,CODINTERNODONAT,NOTAPREN) VALUES (21,{ts '2016-05-19 11:15:00'},null,null);
INSERT INTO agenda (IDMACCHINA,DATAORAPREN,CODINTERNODONAT,NOTAPREN) VALUES (21,{ts '2016-05-21 08:00:00'},null,null);
INSERT INTO agenda (IDMACCHINA,DATAORAPREN,CODINTERNODONAT,NOTAPREN) VALUES (21,{ts '2016-05-21 08:30:00'},null,null);
INSERT INTO agenda (IDMACCHINA,DATAORAPREN,CODINTERNODONAT,NOTAPREN) VALUES (21,{ts '2016-05-21 09:00:00'},null,null);
INSERT INTO agenda (IDMACCHINA,DATAORAPREN,CODINTERNODONAT,NOTAPREN) VALUES (21,{ts '2016-05-23 09:00:00'},null,null);
INSERT INTO agenda (IDMACCHINA,DATAORAPREN,CODINTERNODONAT,NOTAPREN) VALUES (21,{ts '2016-05-23 09:10:00'},null,null);
INSERT INTO agenda (IDMACCHINA,DATAORAPREN,CODINTERNODONAT,NOTAPREN) VALUES (21,{ts '2016-05-23 09:20:00'},null,null);
INSERT INTO agenda (IDMACCHINA,DATAORAPREN,CODINTERNODONAT,NOTAPREN) VALUES (21,{ts '2016-05-23 09:30:00'},null,null);
INSERT INTO agenda (IDMACCHINA,DATAORAPREN,CODINTERNODONAT,NOTAPREN) VALUES (21,{ts '2016-05-23 10:00:00'},null,null);
INSERT INTO agenda (IDMACCHINA,DATAORAPREN,CODINTERNODONAT,NOTAPREN) VALUES (21,{ts '2016-05-23 11:00:00'},null,null);
INSERT INTO agenda (IDMACCHINA,DATAORAPREN,CODINTERNODONAT,NOTAPREN) VALUES (21,{ts '2016-05-24 09:00:00'},null,null);
INSERT INTO agenda (IDMACCHINA,DATAORAPREN,CODINTERNODONAT,NOTAPREN) VALUES (21,{ts '2016-05-24 10:00:00'},null,null);
INSERT INTO agenda (IDMACCHINA,DATAORAPREN,CODINTERNODONAT,NOTAPREN) VALUES (21,{ts '2016-05-24 11:33:00'},null,null);
INSERT INTO agenda (IDMACCHINA,DATAORAPREN,CODINTERNODONAT,NOTAPREN) VALUES (21,{ts '2016-05-25 08:00:00'},null,null);
INSERT INTO agenda (IDMACCHINA,DATAORAPREN,CODINTERNODONAT,NOTAPREN) VALUES (21,{ts '2016-05-25 09:00:00'},null,null);
INSERT INTO agenda (IDMACCHINA,DATAORAPREN,CODINTERNODONAT,NOTAPREN) VALUES (21,{ts '2016-05-25 10:00:00'},null,null);
INSERT INTO agenda (IDMACCHINA,DATAORAPREN,CODINTERNODONAT,NOTAPREN) VALUES (21,{ts '2016-05-26 09:00:00'},null,null);
INSERT INTO agenda (IDMACCHINA,DATAORAPREN,CODINTERNODONAT,NOTAPREN) VALUES (21,{ts '2016-05-26 09:35:00'},null,null);
INSERT INTO agenda (IDMACCHINA,DATAORAPREN,CODINTERNODONAT,NOTAPREN) VALUES (21,{ts '2016-05-26 11:15:00'},null,null);
INSERT INTO agenda (IDMACCHINA,DATAORAPREN,CODINTERNODONAT,NOTAPREN) VALUES (21,{ts '2016-05-28 08:00:00'},null,null);
INSERT INTO agenda (IDMACCHINA,DATAORAPREN,CODINTERNODONAT,NOTAPREN) VALUES (21,{ts '2016-05-28 08:30:00'},null,null);
INSERT INTO agenda (IDMACCHINA,DATAORAPREN,CODINTERNODONAT,NOTAPREN) VALUES (21,{ts '2016-05-28 09:00:00'},null,null);
INSERT INTO agenda (IDMACCHINA,DATAORAPREN,CODINTERNODONAT,NOTAPREN) VALUES (21,{ts '2016-05-30 09:00:00'},null,null);
INSERT INTO agenda (IDMACCHINA,DATAORAPREN,CODINTERNODONAT,NOTAPREN) VALUES (21,{ts '2016-05-30 09:10:00'},null,null);
INSERT INTO agenda (IDMACCHINA,DATAORAPREN,CODINTERNODONAT,NOTAPREN) VALUES (21,{ts '2016-05-30 09:20:00'},null,null);
INSERT INTO agenda (IDMACCHINA,DATAORAPREN,CODINTERNODONAT,NOTAPREN) VALUES (21,{ts '2016-05-30 09:30:00'},null,null);
INSERT INTO agenda (IDMACCHINA,DATAORAPREN,CODINTERNODONAT,NOTAPREN) VALUES (21,{ts '2016-05-30 10:00:00'},null,null);
INSERT INTO agenda (IDMACCHINA,DATAORAPREN,CODINTERNODONAT,NOTAPREN) VALUES (21,{ts '2016-05-30 11:00:00'},null,null);
INSERT INTO agenda (IDMACCHINA,DATAORAPREN,CODINTERNODONAT,NOTAPREN) VALUES (21,{ts '2016-05-31 09:00:00'},null,null);
INSERT INTO agenda (IDMACCHINA,DATAORAPREN,CODINTERNODONAT,NOTAPREN) VALUES (21,{ts '2016-05-31 10:00:00'},null,null);
INSERT INTO agenda (IDMACCHINA,DATAORAPREN,CODINTERNODONAT,NOTAPREN) VALUES (21,{ts '2016-05-31 11:33:00'},null,null);
INSERT INTO agenda (IDMACCHINA,DATAORAPREN,CODINTERNODONAT,NOTAPREN) VALUES (21,{ts '2016-06-01 08:00:00'},null,null);
INSERT INTO agenda (IDMACCHINA,DATAORAPREN,CODINTERNODONAT,NOTAPREN) VALUES (21,{ts '2016-06-01 09:00:00'},null,null);
INSERT INTO agenda (IDMACCHINA,DATAORAPREN,CODINTERNODONAT,NOTAPREN) VALUES (21,{ts '2016-06-01 10:00:00'},null,null);
INSERT INTO agenda (IDMACCHINA,DATAORAPREN,CODINTERNODONAT,NOTAPREN) VALUES (21,{ts '2016-06-02 09:00:00'},null,null);
INSERT INTO agenda (IDMACCHINA,DATAORAPREN,CODINTERNODONAT,NOTAPREN) VALUES (21,{ts '2016-06-02 09:35:00'},null,null);
INSERT INTO agenda (IDMACCHINA,DATAORAPREN,CODINTERNODONAT,NOTAPREN) VALUES (21,{ts '2016-06-02 11:15:00'},null,null);
INSERT INTO agenda (IDMACCHINA,DATAORAPREN,CODINTERNODONAT,NOTAPREN) VALUES (21,{ts '2016-06-04 08:00:00'},null,null);
INSERT INTO agenda (IDMACCHINA,DATAORAPREN,CODINTERNODONAT,NOTAPREN) VALUES (21,{ts '2016-06-04 08:30:00'},null,null);
INSERT INTO agenda (IDMACCHINA,DATAORAPREN,CODINTERNODONAT,NOTAPREN) VALUES (21,{ts '2016-06-04 09:00:00'},null,null);
INSERT INTO agenda (IDMACCHINA,DATAORAPREN,CODINTERNODONAT,NOTAPREN) VALUES (21,{ts '2016-06-06 09:00:00'},null,null);
INSERT INTO agenda (IDMACCHINA,DATAORAPREN,CODINTERNODONAT,NOTAPREN) VALUES (21,{ts '2016-06-06 09:10:00'},null,null);
INSERT INTO agenda (IDMACCHINA,DATAORAPREN,CODINTERNODONAT,NOTAPREN) VALUES (21,{ts '2016-06-06 09:20:00'},null,null);
INSERT INTO agenda (IDMACCHINA,DATAORAPREN,CODINTERNODONAT,NOTAPREN) VALUES (21,{ts '2016-06-06 09:30:00'},null,null);
INSERT INTO agenda (IDMACCHINA,DATAORAPREN,CODINTERNODONAT,NOTAPREN) VALUES (21,{ts '2016-06-06 10:00:00'},null,null);
INSERT INTO agenda (IDMACCHINA,DATAORAPREN,CODINTERNODONAT,NOTAPREN) VALUES (21,{ts '2016-06-06 11:00:00'},null,null);
INSERT INTO agenda (IDMACCHINA,DATAORAPREN,CODINTERNODONAT,NOTAPREN) VALUES (21,{ts '2016-06-07 09:00:00'},null,null);
INSERT INTO agenda (IDMACCHINA,DATAORAPREN,CODINTERNODONAT,NOTAPREN) VALUES (21,{ts '2016-06-07 10:00:00'},null,null);
INSERT INTO agenda (IDMACCHINA,DATAORAPREN,CODINTERNODONAT,NOTAPREN) VALUES (21,{ts '2016-06-07 11:33:00'},null,null);
INSERT INTO agenda (IDMACCHINA,DATAORAPREN,CODINTERNODONAT,NOTAPREN) VALUES (21,{ts '2016-06-08 08:00:00'},null,null);
INSERT INTO agenda (IDMACCHINA,DATAORAPREN,CODINTERNODONAT,NOTAPREN) VALUES (21,{ts '2016-06-08 09:00:00'},null,null);
INSERT INTO agenda (IDMACCHINA,DATAORAPREN,CODINTERNODONAT,NOTAPREN) VALUES (21,{ts '2016-06-08 10:00:00'},null,null);
INSERT INTO agenda (IDMACCHINA,DATAORAPREN,CODINTERNODONAT,NOTAPREN) VALUES (21,{ts '2016-06-09 09:00:00'},null,null);
INSERT INTO agenda (IDMACCHINA,DATAORAPREN,CODINTERNODONAT,NOTAPREN) VALUES (21,{ts '2016-06-09 09:35:00'},null,null);
INSERT INTO agenda (IDMACCHINA,DATAORAPREN,CODINTERNODONAT,NOTAPREN) VALUES (21,{ts '2016-06-09 11:15:00'},null,null);
INSERT INTO agenda (IDMACCHINA,DATAORAPREN,CODINTERNODONAT,NOTAPREN) VALUES (21,{ts '2016-06-11 08:00:00'},null,null);
INSERT INTO agenda (IDMACCHINA,DATAORAPREN,CODINTERNODONAT,NOTAPREN) VALUES (21,{ts '2016-06-11 08:30:00'},null,null);
INSERT INTO agenda (IDMACCHINA,DATAORAPREN,CODINTERNODONAT,NOTAPREN) VALUES (21,{ts '2016-06-11 09:00:00'},null,null);
INSERT INTO agenda (IDMACCHINA,DATAORAPREN,CODINTERNODONAT,NOTAPREN) VALUES (21,{ts '2016-06-13 09:00:00'},null,null);
INSERT INTO agenda (IDMACCHINA,DATAORAPREN,CODINTERNODONAT,NOTAPREN) VALUES (21,{ts '2016-06-13 09:10:00'},null,null);
INSERT INTO agenda (IDMACCHINA,DATAORAPREN,CODINTERNODONAT,NOTAPREN) VALUES (21,{ts '2016-06-13 09:20:00'},null,null);
INSERT INTO agenda (IDMACCHINA,DATAORAPREN,CODINTERNODONAT,NOTAPREN) VALUES (21,{ts '2016-06-13 09:30:00'},null,null);
INSERT INTO agenda (IDMACCHINA,DATAORAPREN,CODINTERNODONAT,NOTAPREN) VALUES (21,{ts '2016-06-13 10:00:00'},null,null);
INSERT INTO agenda (IDMACCHINA,DATAORAPREN,CODINTERNODONAT,NOTAPREN) VALUES (21,{ts '2016-06-13 11:00:00'},null,null);
INSERT INTO agenda (IDMACCHINA,DATAORAPREN,CODINTERNODONAT,NOTAPREN) VALUES (21,{ts '2016-06-14 09:00:00'},null,null);
INSERT INTO agenda (IDMACCHINA,DATAORAPREN,CODINTERNODONAT,NOTAPREN) VALUES (21,{ts '2016-06-14 10:00:00'},null,null);
INSERT INTO agenda (IDMACCHINA,DATAORAPREN,CODINTERNODONAT,NOTAPREN) VALUES (21,{ts '2016-06-14 11:33:00'},null,null);
INSERT INTO agenda (IDMACCHINA,DATAORAPREN,CODINTERNODONAT,NOTAPREN) VALUES (21,{ts '2016-06-15 08:00:00'},null,null);
INSERT INTO agenda (IDMACCHINA,DATAORAPREN,CODINTERNODONAT,NOTAPREN) VALUES (21,{ts '2016-06-15 09:00:00'},null,null);
INSERT INTO agenda (IDMACCHINA,DATAORAPREN,CODINTERNODONAT,NOTAPREN) VALUES (21,{ts '2016-06-15 10:00:00'},null,null);
INSERT INTO agenda (IDMACCHINA,DATAORAPREN,CODINTERNODONAT,NOTAPREN) VALUES (21,{ts '2016-06-16 09:00:00'},null,null);
INSERT INTO agenda (IDMACCHINA,DATAORAPREN,CODINTERNODONAT,NOTAPREN) VALUES (21,{ts '2016-06-16 09:35:00'},null,null);
INSERT INTO agenda (IDMACCHINA,DATAORAPREN,CODINTERNODONAT,NOTAPREN) VALUES (21,{ts '2016-06-16 11:15:00'},null,null);
INSERT INTO agenda (IDMACCHINA,DATAORAPREN,CODINTERNODONAT,NOTAPREN) VALUES (21,{ts '2016-06-18 08:00:00'},null,null);
INSERT INTO agenda (IDMACCHINA,DATAORAPREN,CODINTERNODONAT,NOTAPREN) VALUES (21,{ts '2016-06-18 08:30:00'},null,null);
INSERT INTO agenda (IDMACCHINA,DATAORAPREN,CODINTERNODONAT,NOTAPREN) VALUES (21,{ts '2016-06-18 09:00:00'},null,null);
INSERT INTO agenda (IDMACCHINA,DATAORAPREN,CODINTERNODONAT,NOTAPREN) VALUES (21,{ts '2016-06-20 09:00:00'},null,null);
INSERT INTO agenda (IDMACCHINA,DATAORAPREN,CODINTERNODONAT,NOTAPREN) VALUES (21,{ts '2016-06-20 09:10:00'},null,null);
INSERT INTO agenda (IDMACCHINA,DATAORAPREN,CODINTERNODONAT,NOTAPREN) VALUES (21,{ts '2016-06-20 09:20:00'},null,null);
INSERT INTO agenda (IDMACCHINA,DATAORAPREN,CODINTERNODONAT,NOTAPREN) VALUES (21,{ts '2016-06-20 09:30:00'},null,null);
INSERT INTO agenda (IDMACCHINA,DATAORAPREN,CODINTERNODONAT,NOTAPREN) VALUES (21,{ts '2016-06-20 10:00:00'},null,null);
INSERT INTO agenda (IDMACCHINA,DATAORAPREN,CODINTERNODONAT,NOTAPREN) VALUES (21,{ts '2016-06-20 11:00:00'},null,null);
INSERT INTO agenda (IDMACCHINA,DATAORAPREN,CODINTERNODONAT,NOTAPREN) VALUES (21,{ts '2016-06-21 09:00:00'},null,null);
INSERT INTO agenda (IDMACCHINA,DATAORAPREN,CODINTERNODONAT,NOTAPREN) VALUES (21,{ts '2016-06-21 10:00:00'},null,null);
INSERT INTO agenda (IDMACCHINA,DATAORAPREN,CODINTERNODONAT,NOTAPREN) VALUES (21,{ts '2016-06-21 11:33:00'},null,null);
INSERT INTO agenda (IDMACCHINA,DATAORAPREN,CODINTERNODONAT,NOTAPREN) VALUES (21,{ts '2016-06-22 08:00:00'},null,null);
INSERT INTO agenda (IDMACCHINA,DATAORAPREN,CODINTERNODONAT,NOTAPREN) VALUES (21,{ts '2016-06-22 09:00:00'},null,null);
INSERT INTO agenda (IDMACCHINA,DATAORAPREN,CODINTERNODONAT,NOTAPREN) VALUES (21,{ts '2016-06-22 10:00:00'},null,null);
INSERT INTO agenda (IDMACCHINA,DATAORAPREN,CODINTERNODONAT,NOTAPREN) VALUES (21,{ts '2016-06-23 09:00:00'},null,null);
INSERT INTO agenda (IDMACCHINA,DATAORAPREN,CODINTERNODONAT,NOTAPREN) VALUES (21,{ts '2016-06-23 09:35:00'},null,null);
INSERT INTO agenda (IDMACCHINA,DATAORAPREN,CODINTERNODONAT,NOTAPREN) VALUES (21,{ts '2016-06-23 11:15:00'},null,null);
INSERT INTO agenda (IDMACCHINA,DATAORAPREN,CODINTERNODONAT,NOTAPREN) VALUES (21,{ts '2016-06-25 08:00:00'},null,null);
INSERT INTO agenda (IDMACCHINA,DATAORAPREN,CODINTERNODONAT,NOTAPREN) VALUES (21,{ts '2016-06-25 08:30:00'},null,null);
INSERT INTO agenda (IDMACCHINA,DATAORAPREN,CODINTERNODONAT,NOTAPREN) VALUES (21,{ts '2016-06-25 09:00:00'},null,null);
INSERT INTO agenda (IDMACCHINA,DATAORAPREN,CODINTERNODONAT,NOTAPREN) VALUES (21,{ts '2016-06-27 09:00:00'},null,null);
INSERT INTO agenda (IDMACCHINA,DATAORAPREN,CODINTERNODONAT,NOTAPREN) VALUES (21,{ts '2016-06-27 09:10:00'},null,null);
INSERT INTO agenda (IDMACCHINA,DATAORAPREN,CODINTERNODONAT,NOTAPREN) VALUES (21,{ts '2016-06-27 09:20:00'},null,null);
INSERT INTO agenda (IDMACCHINA,DATAORAPREN,CODINTERNODONAT,NOTAPREN) VALUES (21,{ts '2016-06-27 09:30:00'},null,null);
INSERT INTO agenda (IDMACCHINA,DATAORAPREN,CODINTERNODONAT,NOTAPREN) VALUES (21,{ts '2016-06-27 10:00:00'},null,null);
INSERT INTO agenda (IDMACCHINA,DATAORAPREN,CODINTERNODONAT,NOTAPREN) VALUES (21,{ts '2016-06-27 11:00:00'},null,null);
INSERT INTO agenda (IDMACCHINA,DATAORAPREN,CODINTERNODONAT,NOTAPREN) VALUES (21,{ts '2016-06-28 09:00:00'},null,null);
INSERT INTO agenda (IDMACCHINA,DATAORAPREN,CODINTERNODONAT,NOTAPREN) VALUES (21,{ts '2016-06-28 10:00:00'},null,null);
INSERT INTO agenda (IDMACCHINA,DATAORAPREN,CODINTERNODONAT,NOTAPREN) VALUES (21,{ts '2016-06-28 11:33:00'},null,null);
INSERT INTO agenda (IDMACCHINA,DATAORAPREN,CODINTERNODONAT,NOTAPREN) VALUES (21,{ts '2016-06-29 08:00:00'},null,null);
INSERT INTO agenda (IDMACCHINA,DATAORAPREN,CODINTERNODONAT,NOTAPREN) VALUES (21,{ts '2016-06-29 09:00:00'},null,null);
INSERT INTO agenda (IDMACCHINA,DATAORAPREN,CODINTERNODONAT,NOTAPREN) VALUES (21,{ts '2016-06-29 10:00:00'},null,null);
INSERT INTO agenda (IDMACCHINA,DATAORAPREN,CODINTERNODONAT,NOTAPREN) VALUES (21,{ts '2016-06-30 09:00:00'},null,null);
INSERT INTO agenda (IDMACCHINA,DATAORAPREN,CODINTERNODONAT,NOTAPREN) VALUES (21,{ts '2016-06-30 09:35:00'},null,null);
INSERT INTO agenda (IDMACCHINA,DATAORAPREN,CODINTERNODONAT,NOTAPREN) VALUES (21,{ts '2016-06-30 11:15:00'},null,null);

